time_ms,carrier,transmission,optical_rx,envelope,digital_active_low
0.0,1,1.0,1.0365,0.0079,1
0.005,1,1.0,1.091,0.0484,1
0.01,1,1.0,1.1089,0.0877,1
0.015,0,1.0,0.1067,0.1089,1
0.02,0,1.0,0.0365,0.1053,1
0.025,0,1.0,0.0871,0.1014,1
0.03,1,1.0,1.0864,0.1295,1
0.035,1,1.0,1.069,0.1646,1
0.04,0,1.0,0.0659,0.191,1
0.045,0,1.0,0.0855,0.1841,1
0.05,0,1.0,0.0991,0.1773,1
0.055,1,1.0,1.0723,0.1948,1
0.06,1,1.0,1.0587,0.2273,0
0.065,1,1.0,1.0986,0.2594,0
0.07,0,1.0,0.1128,0.2495,0
0.075,0,1.0,0.0706,0.2405,0
0.08,1,1.0,1.0465,0.2469,0
0.085,1,1.0,1.0589,0.277,0
0.09,1,1.0,1.1195,0.3062,0
0.095,0,1.0,0.0754,0.3099,0
0.1,0,1.0,0.0757,0.2976,0
0.105,0,1.0,0.0744,0.2861,0
0.11,1,1.0,1.04,0.3153,0
0.115,1,1.0,1.082,0.3432,0
0.12,0,1.0,0.091,0.3542,0
0.125,0,1.0,0.1167,0.341,0
0.13,0,1.0,0.0806,0.3279,0
0.135,1,1.0,1.0666,0.3471,0
0.14,1,1.0,1.1007,0.3737,0
0.145,0,1.0,0.0735,0.3903,0
0.15,0,1.0,0.09,0.375,0
0.155,0,1.0,0.0859,0.36,0
0.16,1,1.0,1.069,0.3709,0
0.165,1,1.0,1.09,0.3966,0
0.17,1,1.0,1.0555,0.4209,0
0.175,0,1.0,0.1018,0.412,0
0.18,0,1.0,0.075,0.3957,0
0.185,1,1.0,1.0929,0.3884,0
0.19,1,1.0,1.0775,0.4128,0
0.195,1,1.0,1.1064,0.4366,0
0.2,0,1.0,0.1039,0.4354,0
0.205,0,1.0,0.1017,0.4184,0
0.21,0,1.0,0.1098,0.4023,0
0.215,1,1.0,1.072,0.4266,0
0.22,1,1.0,1.0888,0.4494,0
0.225,0,1.0,0.1021,0.4561,0
0.23,0,1.0,0.0912,0.4383,0
0.235,0,1.0,0.0933,0.4211,0
0.24,1,1.0,1.0556,0.4369,0
0.245,1,1.0,1.0836,0.4604,0
0.25,1,1.0,1.1128,0.4826,0
0.255,0,1.0,0.0452,0.4637,0
0.26,0,1.0,0.0918,0.4462,0
0.265,1,1.0,1.0655,0.4446,0
0.27,1,1.0,1.0476,0.4665,0
0.275,1,1.0,1.0599,0.488,0
0.28,0,1.0,0.0507,0.4772,0
0.285,0,1.0,0.0314,0.4586,0
0.29,1,1.0,1.0763,0.4488,0
0.295,1,1.0,1.1152,0.4719,0
0.3,1,1.0,1.0794,0.4931,0
0.305,0,1.0,0.0969,0.49,0
0.31,0,1.0,0.087,0.4713,0
0.315,0,1.0,0.0727,0.4529,0
0.32,1,1.0,1.1,0.4755,0
0.325,1,1.0,1.0387,0.4967,0
0.33,0,1.0,0.0728,0.5013,0
0.335,0,1.0,0.0812,0.4816,0
0.34,0,1.0,0.0592,0.4628,0
0.345,1,1.0,1.0498,0.4685,0
0.35,1,1.0,1.0289,0.4907,0
0.355,1,1.0,1.0832,0.5116,0
0.36,0,1.0,0.0755,0.4913,0
0.365,0,1.0,0.1184,0.4721,0
0.37,1,1.0,1.0892,0.4698,0
0.375,1,1.0,1.066,0.4911,0
0.38,1,1.0,1.0926,0.5116,0
0.385,0,1.0,0.105,0.4994,0
0.39,0,1.0,0.0914,0.4797,0
0.395,1,1.0,1.0854,0.4691,0
0.4,1,1.0,1.042,0.4908,0
0.405,1,1.0,1.0544,0.5119,0
0.41,0,1.0,0.1154,0.5078,0
0.415,0,1.0,0.0584,0.4878,0
0.42,0,1.0,0.07,0.4684,0
0.425,1,1.0,1.1,0.4823,0
0.43,1,1.0,1.1162,0.503,0
0.435,0,1.0,0.1095,0.5151,0
0.44,0,1.0,0.082,0.4947,0
0.445,0,1.0,0.0833,0.4752,0
0.45,1,1.0,1.1042,0.4802,0
0.455,1,1.0,1.0976,0.5014,0
0.46,1,1.0,1.08,0.5218,0
0.465,0,1.0,0.0971,0.5014,0
0.47,0,1.0,0.0692,0.4821,0
0.475,1,1.0,1.0708,0.4797,0
0.48,1,1.0,1.0898,0.5008,0
0.485,1,1.0,1.1227,0.5217,0
0.49,0,1.0,0.0891,0.5099,0
0.495,0,1.0,0.1433,0.4899,0
0.5,0,1.0,0.0904,0.4705,0
0.505,1,1.0,1.0328,0.4921,0
0.51,1,1.0,1.0992,0.5129,0
0.515,0,1.0,0.1113,0.5166,0
0.52,0,1.0,0.1076,0.4961,0
0.525,0,1.0,0.0713,0.4764,0
0.53,1,1.0,1.0418,0.4894,0
0.535,1,1.0,1.0803,0.5099,0
0.54,0,1.0,0.0961,0.5216,0
0.545,0,1.0,0.0885,0.5011,0
0.55,0,1.0,0.1307,0.4818,0
0.555,1,1.0,1.1143,0.4872,0
0.56,1,1.0,1.0562,0.5073,0
0.565,1,1.0,1.0769,0.5277,0
0.57,0,1.0,0.0871,0.5067,0
0.575,0,1.0,0.0967,0.4868,0
0.58,1,1.0,1.079,0.4842,0
0.585,1,1.0,1.133,0.5063,0
0.59,1,1.0,1.1269,0.527,0
0.595,0,1.0,0.1081,0.5229,0
0.6,0,1.0,0.0789,0.5021,0
0.605,0,1.0,0.0282,0.4824,0
0.61,1,1.0,1.0384,0.5034,0
0.615,1,1.0,1.093,0.5241,0
0.62,0,1.0,0.0792,0.5269,0
0.625,0,1.0,0.0616,0.5065,0
0.63,0,1.0,0.0479,0.4871,0
0.635,1,1.0,1.0827,0.5002,0
0.64,1,1.0,1.0586,0.5209,0
0.645,0,1.0,0.0763,0.5327,0
0.65,0,1.0,0.1056,0.512,0
0.655,0,1.0,0.1023,0.4923,0
0.66,1,1.0,1.0915,0.4967,0
0.665,1,1.0,1.1007,0.5175,0
0.67,1,1.0,1.0941,0.5368,0
0.675,0,1.0,0.0873,0.5233,0
0.68,0,1.0,0.0857,0.5031,0
0.685,1,1.0,1.0576,0.4915,0
0.69,1,1.0,1.0665,0.5122,0
0.695,1,1.0,1.0453,0.5318,0
0.7,0,1.0,0.0937,0.5265,0
0.705,0,1.0,0.077,0.5057,0
0.71,0,1.0,0.0759,0.4862,0
0.715,1,1.0,1.0811,0.5066,0
0.72,1,1.0,1.0955,0.5266,0
0.725,0,1.0,0.0896,0.5296,0
0.73,0,1.0,0.0843,0.5087,0
0.735,0,1.0,0.0836,0.4884,0
0.74,1,1.0,1.0939,0.5016,0
0.745,1,1.0,1.0856,0.5216,0
0.75,1,1.0,1.0938,0.5411,0
0.755,0,1.0,0.0926,0.52,0
0.76,0,1.0,0.0721,0.4995,0
0.765,1,1.0,1.0871,0.4959,0
0.77,1,1.0,1.0598,0.5165,0
0.775,1,1.0,1.0617,0.5363,0
0.78,0,1.0,0.0771,0.5226,0
0.785,0,1.0,0.058,0.5025,0
0.79,0,1.0,0.1351,0.4827,0
0.795,0,1.0,0.0994,0.464,0
0.8,0,1.0,0.0777,0.4461,0
0.805,0,1.0,0.0839,0.4285,0
0.81,0,1.0,0.0795,0.4114,0
0.815,0,1.0,0.0837,0.3952,0
0.82,0,1.0,0.0589,0.3798,0
0.825,0,1.0,0.0526,0.3653,0
0.83,0,1.0,0.0638,0.3512,0
0.835,0,1.0,0.1289,0.3379,0
0.84,0,1.0,0.0818,0.3247,0
0.845,0,1.0,0.0813,0.3121,0
0.85,0,1.0,0.0229,0.3003,0
0.855,0,1.0,0.0761,0.2887,0
0.86,0,1.0,0.0829,0.2775,0
0.865,0,1.0,0.0641,0.2673,0
0.87,0,1.0,0.0675,0.2572,0
0.875,0,1.0,0.0501,0.248,0
0.88,0,1.0,0.0597,0.2388,0
0.885,0,1.0,0.0915,0.2297,0
0.89,0,1.0,0.0863,0.2209,0
0.895,0,1.0,0.1125,0.2125,0
0.9,0,1.0,0.067,0.2045,0
0.905,0,1.0,0.0136,0.197,0
0.91,0,1.0,0.1004,0.1899,0
0.915,0,1.0,0.0906,0.1829,0
0.92,0,1.0,0.0681,0.1763,0
0.925,0,1.0,0.1029,0.17,0
0.93,0,1.0,0.1095,0.164,0
0.935,0,1.0,0.0692,0.1578,0
0.94,0,1.0,0.094,0.1521,0
0.945,0,1.0,0.1397,0.1469,0
0.95,0,1.0,0.1097,0.1419,0
0.955,0,1.0,0.061,0.1365,1
0.96,0,1.0,0.0637,0.1318,1
0.965,0,1.0,0.0896,0.1271,1
0.97,0,1.0,0.0778,0.1228,1
0.975,0,1.0,0.0802,0.1189,1
0.98,0,1.0,0.0846,0.1146,1
0.985,0,1.0,0.1031,0.1105,1
0.99,0,1.0,0.1166,0.1072,1
0.995,0,1.0,0.0991,0.1037,1
1.0,0,1.0,0.0973,0.1001,1
1.005,0,1.0,0.0956,0.0969,1
1.01,0,1.0,0.0538,0.0941,1
1.015,0,1.0,0.0996,0.091,1
1.02,0,1.0,0.0737,0.0878,1
1.025,0,1.0,0.0872,0.085,1
1.03,0,1.0,0.0781,0.0823,1
1.035,0,1.0,0.0595,0.0797,1
1.04,0,1.0,0.0841,0.0766,1
1.045,0,1.0,0.0645,0.0743,1
1.05,0,1.0,0.077,0.0724,1
1.055,0,1.0,0.0326,0.0703,1
1.06,0,1.0,0.0756,0.0679,1
1.065,0,1.0,0.076,0.0657,1
1.07,0,1.0,0.1117,0.0643,1
1.075,0,1.0,0.0589,0.0625,1
1.08,0,1.0,0.0955,0.0604,1
1.085,0,1.0,0.1122,0.059,1
1.09,0,1.0,0.0798,0.0569,1
1.095,0,1.0,0.0497,0.0551,1
1.1,0,1.0,0.0975,0.0537,1
1.105,0,1.0,0.1215,0.0526,1
1.11,0,1.0,0.0292,0.0512,1
1.115,0,1.0,0.1214,0.0501,1
1.12,0,1.0,0.1047,0.0496,1
1.125,0,1.0,0.0634,0.0487,1
1.13,0,1.0,0.076,0.0475,1
1.135,0,1.0,0.0844,0.0461,1
1.14,0,1.0,0.0615,0.0451,1
1.145,0,1.0,0.0816,0.0438,1
1.15,0,1.0,0.0735,0.0429,1
1.155,0,1.0,0.0888,0.0422,1
1.16,0,1.0,0.0464,0.0413,1
1.165,0,1.0,0.1053,0.0402,1
1.17,0,1.0,0.0666,0.0392,1
1.175,0,1.0,0.0612,0.0384,1
1.18,0,1.0,0.0784,0.0378,1
1.185,0,1.0,0.0406,0.0371,1
1.19,0,1.0,0.0993,0.0366,1
1.195,0,1.0,0.0982,0.0359,1
1.2,0,1.0,0.107,0.0352,1
1.205,0,1.0,0.0933,0.0342,1
1.21,0,1.0,0.045,0.0336,1
1.215,0,1.0,0.0837,0.0332,1
1.22,0,1.0,0.0704,0.0322,1
1.225,0,1.0,0.0548,0.0319,1
1.23,0,1.0,0.0892,0.0313,1
1.235,0,1.0,0.0292,0.0307,1
1.24,0,1.0,0.0791,0.0298,1
1.245,0,1.0,0.0554,0.0292,1
1.25,0,1.0,0.0965,0.0287,1
1.255,0,1.0,0.076,0.0281,1
1.26,0,1.0,0.1087,0.0278,1
1.265,0,1.0,0.0836,0.0271,1
1.27,0,1.0,0.0627,0.0266,1
1.275,0,1.0,0.106,0.0262,1
1.28,0,1.0,0.0834,0.0258,1
1.285,0,1.0,0.0849,0.0251,1
1.29,0,1.0,0.061,0.025,1
1.295,0,1.0,0.0971,0.0248,1
1.3,0,1.0,0.0869,0.0245,1
1.305,0,1.0,0.1026,0.0243,1
1.31,0,1.0,0.0809,0.0236,1
1.315,0,1.0,0.0345,0.0236,1
1.32,0,1.0,0.1139,0.0235,1
1.325,0,1.0,0.067,0.0232,1
1.33,0,1.0,0.0931,0.0228,1
1.335,0,1.0,0.0635,0.0227,1
1.34,0,1.0,0.054,0.023,1
1.345,0,1.0,0.0866,0.0228,1
1.35,0,1.0,0.1038,0.023,1
1.355,0,1.0,0.0813,0.0228,1
1.36,0,1.0,0.0749,0.0225,1
1.365,0,1.0,0.1103,0.0225,1
1.37,0,1.0,0.0668,0.0223,1
1.375,0,1.0,0.0688,0.022,1
1.38,0,1.0,0.0814,0.022,1
1.385,0,1.0,0.0379,0.0225,1
1.39,0,1.0,0.074,0.0226,1
1.395,1,1.0,1.055,0.0304,1
1.4,1,1.0,1.0805,0.0695,1
1.405,1,1.0,1.045,0.1075,1
1.41,0,1.0,0.0548,0.1191,1
1.415,0,1.0,0.1161,0.1153,1
1.42,0,1.0,0.0281,0.1114,1
1.425,1,1.0,1.0833,0.1399,1
1.43,1,1.0,1.0905,0.1748,1
1.435,0,1.0,0.0835,0.2,1
1.44,0,1.0,0.0941,0.193,1
1.445,0,1.0,0.0923,0.1856,1
1.45,1,1.0,1.0845,0.2025,1
1.455,1,1.0,1.0671,0.2345,0
1.46,1,1.0,1.0684,0.2661,0
1.465,0,1.0,0.0913,0.256,0
1.47,0,1.0,0.1242,0.2466,0
1.475,1,1.0,1.0656,0.2533,0
1.48,1,1.0,1.086,0.2835,0
1.485,1,1.0,1.0543,0.3126,0
1.49,0,1.0,0.1173,0.3088,0
1.495,0,1.0,0.1013,0.2967,0
1.5,0,1.0,0.0299,0.2859,0
1.505,1,1.0,1.0716,0.3145,0
1.51,1,1.0,1.1058,0.3427,0
1.515,0,1.0,0.1271,0.3536,0
1.52,0,1.0,0.1189,0.3404,0
1.525,0,1.0,0.0736,0.3269,0
1.53,1,1.0,1.082,0.3468,0
1.535,1,1.0,1.0914,0.3732,0
1.54,0,1.0,0.0802,0.3907,0
1.545,0,1.0,0.0686,0.3752,0
1.55,0,1.0,0.0755,0.3604,0
1.555,1,1.0,1.0457,0.3696,0
1.56,1,1.0,1.0867,0.3951,0
1.565,1,1.0,1.1014,0.4205,0
1.57,0,1.0,0.0781,0.4046,0
1.575,0,1.0,0.117,0.3893,0
1.58,1,1.0,1.1415,0.3906,0
1.585,1,1.0,1.0843,0.4149,0
1.59,1,1.0,1.0559,0.4392,0
1.595,0,1.0,0.0529,0.4382,0
1.6,0,1.0,0.1152,0.4212,0
1.605,0,1.0,0.066,0.4048,0
1.61,1,1.0,1.1052,0.4293,0
1.615,1,1.0,1.1025,0.4527,0
1.62,0,1.0,0.1261,0.4593,0
1.625,0,1.0,0.0927,0.4414,0
1.63,0,1.0,0.0794,0.4239,0
1.635,1,1.0,1.0398,0.4389,0
1.64,1,1.0,1.0628,0.4619,0
1.645,0,1.0,0.0955,0.4751,0
1.65,0,1.0,0.0694,0.4561,0
1.655,0,1.0,0.0882,0.4384,0
1.66,1,1.0,1.1236,0.4456,0
1.665,1,1.0,1.0989,0.4678,0
1.67,1,1.0,1.0859,0.4894,0
1.675,0,1.0,0.061,0.4782,0
1.68,0,1.0,0.0922,0.4592,0
1.685,1,1.0,1.122,0.4494,0
1.69,1,1.0,1.0985,0.472,0
1.695,1,1.0,1.1021,0.4937,0
1.7,0,1.0,0.0666,0.4902,0
1.705,0,1.0,0.0416,0.4712,0
1.71,0,1.0,0.0556,0.4531,0
1.715,1,1.0,1.0897,0.4753,0
1.72,1,1.0,1.0722,0.4964,0
1.725,0,1.0,0.0788,0.5009,0
1.73,0,1.0,0.0372,0.4815,0
1.735,0,1.0,0.0878,0.4623,0
1.74,1,1.0,1.094,0.4767,0
1.745,1,1.0,1.0877,0.4981,0
1.75,1,1.0,1.1164,0.5184,0
1.755,0,1.0,0.0451,0.4979,0
1.76,0,1.0,0.0668,0.4783,0
1.765,1,1.0,1.0356,0.4752,0
1.77,1,1.0,1.1186,0.497,0
1.775,1,1.0,1.0511,0.5167,0
1.78,0,1.0,0.0735,0.5042,0
1.785,0,1.0,0.0818,0.4848,0
1.79,1,1.0,1.087,0.4745,0
1.795,1,1.0,1.0839,0.4961,0
1.8,1,1.0,1.1115,0.5168,0
1.805,0,1.0,0.0504,0.5125,0
1.81,0,1.0,0.052,0.4929,0
1.815,0,1.0,0.0501,0.4739,0
1.82,1,1.0,1.1134,0.4961,0
1.825,1,1.0,1.0576,0.5158,0
1.83,0,1.0,0.0521,0.5192,0
1.835,0,1.0,0.0678,0.4986,0
1.84,0,1.0,0.0665,0.4791,0
1.845,1,1.0,1.0193,0.4845,0
1.85,1,1.0,1.1004,0.506,0
1.855,1,1.0,1.1079,0.5268,0
1.86,0,1.0,0.0888,0.5059,0
1.865,0,1.0,0.0509,0.486,0
1.87,1,1.0,1.0706,0.4838,0
1.875,1,1.0,1.1327,0.5048,0
1.88,1,1.0,1.0986,0.5247,0
1.885,0,1.0,0.0513,0.5121,0
1.89,0,1.0,0.071,0.4925,0
1.895,1,1.0,1.1075,0.4816,0
1.9,1,1.0,1.0639,0.5029,0
1.905,1,1.0,1.0813,0.5228,0
1.91,0,1.0,0.101,0.5183,0
1.915,0,1.0,0.0821,0.498,0
1.92,0,1.0,0.064,0.4781,0
1.925,1,1.0,1.1132,0.4918,0
1.93,1,1.0,1.0307,0.5118,0
1.935,0,1.0,0.0647,0.5235,0
1.94,0,1.0,0.0906,0.5029,0
1.945,0,1.0,0.0964,0.4831,0
1.95,1,1.0,1.1034,0.4889,0
1.955,1,1.0,1.0873,0.5094,0
1.96,1,1.0,1.0619,0.5291,0
1.965,0,1.0,0.0694,0.5085,0
1.97,0,1.0,0.089,0.4886,0
1.975,1,1.0,1.0739,0.486,0
1.98,1,1.0,1.0938,0.5067,0
1.985,1,1.0,1.0484,0.5269,0
1.99,0,1.0,0.0805,0.5138,0
1.995,0,1.0,0.0911,0.4941,0
2.0,0,1.0,0.078,0.4744,0
2.005,1,1.0,1.0436,0.4958,0
2.01,1,1.0,1.1319,0.5166,0
2.015,0,1.0,0.089,0.5198,0
2.02,0,1.0,0.0909,0.4993,0
2.025,0,1.0,0.0747,0.4796,0
2.03,1,1.0,1.0713,0.492,0
2.035,1,1.0,1.0912,0.5123,0
2.04,0,1.0,0.0685,0.5241,0
2.045,0,1.0,0.1134,0.5039,0
2.05,0,1.0,0.112,0.4842,0
2.055,1,1.0,1.0979,0.4896,0
2.06,1,1.0,1.0822,0.5106,0
2.065,1,1.0,1.1116,0.5308,0
2.07,0,1.0,0.0859,0.5096,0
2.075,0,1.0,0.108,0.4901,0
2.08,1,1.0,1.0272,0.4866,0
2.085,1,1.0,1.0975,0.5071,0
2.09,1,1.0,1.1102,0.5275,0
2.095,0,1.0,0.0624,0.5228,0
2.1,0,1.0,0.0523,0.5019,0
2.105,0,1.0,0.0475,0.4827,0
2.11,1,1.0,1.0939,0.5044,0
2.115,1,1.0,1.0777,0.5249,0
2.12,0,1.0,0.0658,0.528,0
2.125,0,1.0,0.0569,0.5075,0
2.13,0,1.0,0.0597,0.4877,0
2.135,1,1.0,1.0627,0.5,0
2.14,1,1.0,1.0531,0.52,0
2.145,0,1.0,0.1306,0.5323,0
2.15,0,1.0,0.0615,0.5116,0
2.155,0,1.0,0.0881,0.4919,0
2.16,1,1.0,1.0745,0.4969,0
2.165,1,1.0,1.058,0.5173,0
2.17,1,1.0,1.0974,0.5365,0
2.175,0,1.0,0.0854,0.5233,0
2.18,0,1.0,0.0673,0.5028,0
2.185,0,1.0,0.0714,0.4833,0
2.19,0,1.0,0.0617,0.4643,0
2.195,0,1.0,0.0965,0.4459,0
2.2,0,1.0,0.0906,0.4284,0
2.205,0,1.0,0.0466,0.4117,0
2.21,0,1.0,0.03,0.3962,0
2.215,0,1.0,0.0957,0.3811,0
2.22,0,1.0,0.0773,0.3663,0
2.225,0,1.0,0.0387,0.3523,0
2.23,0,1.0,0.082,0.3385,0
2.235,0,1.0,0.1322,0.3257,0
2.24,0,1.0,0.1031,0.3134,0
2.245,0,1.0,0.0793,0.3014,0
2.25,0,1.0,0.1049,0.2903,0
2.255,0,1.0,0.0958,0.2794,0
2.26,0,1.0,0.0449,0.2696,0
2.265,0,1.0,0.1004,0.2592,0
2.27,0,1.0,0.0686,0.2493,0
2.275,0,1.0,0.0595,0.2403,0
2.28,0,1.0,0.0335,0.2314,0
2.285,0,1.0,0.0758,0.2226,0
2.29,0,1.0,0.0662,0.2142,0
2.295,0,1.0,0.045,0.2064,0
2.3,0,1.0,0.0901,0.1985,0
2.305,0,1.0,0.055,0.1916,0
2.31,0,1.0,0.0674,0.1846,0
2.315,0,1.0,0.1444,0.179,0
2.32,0,1.0,0.0947,0.1729,0
2.325,0,1.0,0.1016,0.1665,0
2.33,0,1.0,0.0639,0.1608,0
2.335,0,1.0,0.074,0.1552,0
2.34,0,1.0,0.0979,0.1495,0
2.345,0,1.0,0.1002,0.1446,0
2.35,0,1.0,0.0891,0.1395,1
2.355,0,1.0,0.0627,0.1341,1
2.36,0,1.0,0.1073,0.1301,1
2.365,0,1.0,0.0792,0.1251,1
2.37,0,1.0,0.1128,0.1216,1
2.375,0,1.0,0.0859,0.1177,1
2.38,0,1.0,0.1173,0.1137,1
2.385,0,1.0,0.0957,0.1096,1
2.39,0,1.0,0.0972,0.1056,1
2.395,0,1.0,0.0513,0.1023,1
2.4,0,1.0,0.0627,0.0992,1
2.405,0,1.0,0.0898,0.0959,1
2.41,0,1.0,0.0761,0.0929,1
2.415,0,1.0,0.1212,0.0902,1
2.42,0,1.0,0.0687,0.0876,1
2.425,0,1.0,0.0438,0.0848,1
2.43,0,1.0,0.0807,0.0818,1
2.435,0,1.0,0.0785,0.0797,1
2.44,0,1.0,0.0538,0.0777,1
2.445,0,1.0,0.1059,0.0753,1
2.45,0,1.0,0.0649,0.0729,1
2.455,0,1.0,0.1417,0.0712,1
2.46,0,1.0,0.0933,0.0688,1
2.465,0,1.0,0.1079,0.0665,1
2.47,0,1.0,0.0607,0.0644,1
2.475,0,1.0,0.1355,0.0637,1
2.48,0,1.0,0.0311,0.0623,1
2.485,0,1.0,0.0895,0.0604,1
2.49,0,1.0,0.0419,0.0589,1
2.495,0,1.0,0.0665,0.0571,1
2.5,0,1.0,0.0483,0.0562,1
2.505,0,1.0,0.0798,0.0543,1
2.51,0,1.0,0.0613,0.0534,1
2.515,0,1.0,0.0888,0.0519,1
2.52,0,1.0,0.0545,0.0507,1
2.525,0,1.0,0.0808,0.049,1
2.53,0,1.0,0.0713,0.0481,1
2.535,0,1.0,0.0839,0.0468,1
2.54,0,1.0,0.0672,0.0457,1
2.545,0,1.0,0.0789,0.0445,1
2.55,0,1.0,0.104,0.0436,1
2.555,0,1.0,0.1082,0.0428,1
2.56,0,1.0,0.0829,0.0415,1
2.565,0,1.0,0.0533,0.0406,1
2.57,0,1.0,0.0769,0.0397,1
2.575,0,1.0,0.1238,0.0388,1
2.58,0,1.0,0.0927,0.0381,1
2.585,0,1.0,0.0793,0.0369,1
2.59,0,1.0,0.0797,0.0359,1
2.595,0,1.0,0.0477,0.0358,1
2.6,0,1.0,0.0597,0.0351,1
2.605,0,1.0,0.09,0.0348,1
2.61,0,1.0,0.0826,0.0343,1
2.615,0,1.0,0.088,0.034,1
2.62,0,1.0,0.0913,0.0331,1
2.625,0,1.0,0.0662,0.0325,1
2.63,0,1.0,0.0693,0.0322,1
2.635,0,1.0,0.0766,0.0316,1
2.64,0,1.0,0.0914,0.0314,1
2.645,0,1.0,0.1133,0.0311,1
2.65,0,1.0,0.0955,0.0307,1
2.655,0,1.0,0.0628,0.0303,1
2.66,0,1.0,0.074,0.0297,1
2.665,0,1.0,0.0774,0.0291,1
2.67,0,1.0,0.0171,0.0288,1
2.675,0,1.0,0.0933,0.0282,1
2.68,0,1.0,0.0577,0.0281,1
2.685,0,1.0,0.057,0.0282,1
2.69,0,1.0,0.0591,0.0277,1
2.695,0,1.0,0.0019,0.0282,1
2.7,0,1.0,0.0876,0.0276,1
2.705,0,1.0,0.1262,0.0274,1
2.71,0,1.0,0.0812,0.027,1
2.715,0,1.0,0.0413,0.0266,1
2.72,0,1.0,0.076,0.0259,1
2.725,0,1.0,0.0965,0.0254,1
2.73,0,1.0,0.1009,0.0249,1
2.735,0,1.0,0.0405,0.025,1
2.74,0,1.0,0.0855,0.0244,1
2.745,0,1.0,0.0714,0.0241,1
2.75,0,1.0,0.0666,0.0237,1
2.755,0,1.0,0.0996,0.0235,1
2.76,0,1.0,0.0723,0.0229,1
2.765,0,1.0,0.0758,0.0226,1
2.77,0,1.0,0.1219,0.0223,1
2.775,0,1.0,0.0778,0.0223,1
2.78,0,1.0,0.0835,0.0221,1
2.785,0,1.0,0.021,0.0222,1
2.79,1,1.0,1.0949,0.0303,1
2.795,1,1.0,1.088,0.0693,1
2.8,1,1.0,1.0876,0.1073,1
2.805,0,1.0,0.0659,0.1194,1
2.81,0,1.0,0.0692,0.1153,1
2.815,0,1.0,0.1113,0.1118,1
2.82,1,1.0,1.063,0.1477,1
2.825,1,1.0,1.0678,0.1823,1
2.83,0,1.0,0.0921,0.1993,1
2.835,0,1.0,0.0586,0.1919,1
2.84,0,1.0,0.075,0.1847,1
2.845,1,1.0,1.0672,0.2021,1
2.85,1,1.0,1.112,0.2352,0
2.855,1,1.0,1.0075,0.2658,0
2.86,0,1.0,0.0847,0.2556,0
2.865,0,1.0,0.0528,0.246,0
2.87,1,1.0,1.0962,0.253,0
2.875,1,1.0,1.0859,0.2829,0
2.88,1,1.0,1.073,0.3122,0
2.885,0,1.0,0.0384,0.3087,0
2.89,0,1.0,0.0985,0.2969,0
2.895,1,1.0,1.0529,0.2933,0
2.9,1,1.0,1.0675,0.3219,0
2.905,1,1.0,1.0965,0.3492,0
2.91,0,1.0,0.1106,0.3515,0
2.915,0,1.0,0.1025,0.3379,0
2.92,0,1.0,0.0281,0.3251,0
2.925,1,1.0,1.082,0.3445,0
2.93,1,1.0,1.0546,0.3708,0
2.935,0,1.0,0.0822,0.3877,0
2.94,0,1.0,0.0928,0.3726,0
2.945,0,1.0,0.0875,0.3585,0
2.95,1,1.0,1.0969,0.369,0
2.955,1,1.0,1.076,0.3946,0
2.96,1,1.0,1.0933,0.4195,0
2.965,0,1.0,0.039,0.4035,0
2.97,0,1.0,0.0925,0.3877,0
2.975,1,1.0,1.0593,0.3893,0
2.98,1,1.0,1.0654,0.4138,0
2.985,1,1.0,1.0498,0.4373,0
2.99,0,1.0,0.0871,0.4281,0
2.995,0,1.0,0.1032,0.4118,0
3.0,0,1.0,0.0519,0.396,0
3.005,1,1.0,1.0982,0.4207,0
3.01,1,1.0,1.0944,0.4435,0
3.015,0,1.0,0.1206,0.4501,0
3.02,0,1.0,0.1095,0.4327,0
3.025,0,1.0,0.082,0.416,0
3.03,1,1.0,1.033,0.4309,0
3.035,1,1.0,1.0733,0.4542,0
3.04,0,1.0,0.0721,0.4688,0
3.045,0,1.0,0.0232,0.4506,0
3.05,0,1.0,0.0392,0.4332,0
3.055,1,1.0,1.0865,0.4404,0
3.06,1,1.0,1.0874,0.4632,0
3.065,1,1.0,1.1257,0.486,0
3.07,0,1.0,0.0892,0.4667,0
3.075,0,1.0,0.1119,0.4488,0
3.08,1,1.0,1.0513,0.4472,0
3.085,1,1.0,1.0732,0.4699,0
3.09,1,1.0,1.0667,0.4912,0
3.095,0,1.0,0.0473,0.4874,0
3.1,0,1.0,0.132,0.4685,0
3.105,0,1.0,0.1174,0.4504,0
3.11,1,1.0,1.0645,0.4716,0
3.115,1,1.0,1.0633,0.4928,0
3.12,0,1.0,0.0921,0.4972,0
3.125,0,1.0,0.0349,0.4778,0
3.13,0,1.0,0.0845,0.4593,0
3.135,1,1.0,1.0513,0.473,0
3.14,1,1.0,1.0863,0.4938,0
3.145,0,1.0,0.1143,0.5068,0
3.15,0,1.0,0.0573,0.4873,0
3.155,0,1.0,0.1286,0.4683,0
3.16,1,1.0,1.0701,0.4748,0
3.165,1,1.0,1.057,0.496,0
3.17,1,1.0,1.0686,0.5169,0
3.175,0,1.0,0.0923,0.5045,0
3.18,0,1.0,0.0196,0.4852,0
3.185,1,1.0,1.095,0.4743,0
3.19,1,1.0,1.0982,0.4953,0
3.195,1,1.0,1.0648,0.5158,0
3.2,0,1.0,0.134,0.5121,0
3.205,0,1.0,0.1045,0.4921,0
3.21,0,1.0,0.0639,0.4728,0
3.215,1,1.0,1.0749,0.494,0
3.22,1,1.0,1.0872,0.5143,0
3.225,0,1.0,0.0878,0.5181,0
3.23,0,1.0,0.0423,0.4979,0
3.235,0,1.0,0.0637,0.479,0
3.24,1,1.0,1.0905,0.4926,0
3.245,1,1.0,1.0603,0.5132,0
3.25,1,1.0,1.0934,0.534,0
3.255,0,1.0,0.1029,0.5137,0
3.26,0,1.0,0.075,0.4936,0
3.265,1,1.0,1.0715,0.4899,0
3.27,1,1.0,1.0617,0.5105,0
3.275,1,1.0,1.1084,0.5304,0
3.28,0,1.0,0.0505,0.517,0
3.285,0,1.0,0.0738,0.4965,0
3.29,1,1.0,1.0577,0.4852,0
3.295,1,1.0,1.0663,0.5055,0
3.3,1,1.0,1.0708,0.5255,0
3.305,0,1.0,0.071,0.5208,0
3.31,0,1.0,0.0996,0.5003,0
3.315,0,1.0,0.1126,0.4808,0
3.32,1,1.0,1.0986,0.5022,0
3.325,1,1.0,1.0538,0.5234,0
3.33,0,1.0,0.108,0.5261,0
3.335,0,1.0,0.0723,0.5052,0
3.34,0,1.0,0.0644,0.4859,0
3.345,1,1.0,1.0686,0.4912,0
3.35,1,1.0,1.0899,0.5122,0
3.355,1,1.0,1.0814,0.5318,0
3.36,0,1.0,0.1031,0.5111,0
3.365,0,1.0,0.0767,0.4911,0
3.37,1,1.0,1.0588,0.4877,0
3.375,1,1.0,1.062,0.5082,0
3.38,1,1.0,1.1333,0.5283,0
3.385,0,1.0,0.0874,0.5153,0
3.39,0,1.0,0.0687,0.4951,0
3.395,1,1.0,1.1123,0.484,0
3.4,1,1.0,1.0907,0.505,0
3.405,1,1.0,1.0637,0.5255,0
3.41,0,1.0,0.0524,0.5209,0
3.415,0,1.0,0.0716,0.4999,0
3.42,0,1.0,0.0765,0.4803,0
3.425,1,1.0,1.1466,0.4939,0
3.43,1,1.0,1.0465,0.5144,0
3.435,0,1.0,0.0902,0.5262,0
3.44,0,1.0,0.0967,0.5057,0
3.445,0,1.0,0.0615,0.4858,0
3.45,1,1.0,1.0506,0.4904,0
3.455,1,1.0,1.074,0.5113,0
3.46,1,1.0,1.0405,0.5308,0
3.465,0,1.0,0.0657,0.5096,0
3.47,0,1.0,0.0584,0.4898,0
3.475,1,1.0,1.1072,0.4869,0
3.48,1,1.0,1.0806,0.5077,0
3.485,1,1.0,1.0882,0.528,0
3.49,0,1.0,0.1106,0.515,0
3.495,0,1.0,0.1126,0.495,0
3.5,0,1.0,0.0681,0.4757,0
3.505,1,1.0,1.0712,0.4971,0
3.51,1,1.0,1.0575,0.5174,0
3.515,0,0.08,0.0885,0.521,0
3.52,0,0.08,0.108,0.5009,0
3.525,0,0.08,0.0995,0.4817,0
3.53,1,0.08,0.1777,0.465,0
3.535,1,0.08,0.1854,0.4498,0
3.54,0,0.08,0.0104,0.4346,0
3.545,0,0.08,0.0877,0.4175,0
3.55,0,0.08,0.0633,0.4013,0
3.555,1,0.08,0.1266,0.3871,0
3.56,1,0.08,0.1819,0.3738,0
3.565,1,0.08,0.1992,0.3624,0
3.57,0,0.08,0.1025,0.3483,0
3.575,0,0.08,0.0733,0.3348,0
3.58,0,0.08,0.0806,0.3217,0
3.585,0,0.08,0.0265,0.3097,0
3.59,0,0.08,0.1106,0.298,0
3.595,0,0.08,0.0974,0.2867,0
3.6,0,0.08,0.0834,0.2753,0
3.605,0,0.08,0.0675,0.2652,0
3.61,0,0.08,0.0924,0.2552,0
3.615,0,0.08,0.0889,0.2453,0
3.62,0,0.08,0.0944,0.2365,0
3.625,0,0.08,0.1293,0.228,0
3.63,0,0.08,0.0372,0.2197,0
3.635,0,0.08,0.0733,0.2113,0
3.64,0,0.08,0.1377,0.204,0
3.645,0,0.08,0.0611,0.1964,0
3.65,0,0.08,0.1046,0.1894,0
3.655,0,0.08,0.0795,0.1822,0
3.66,0,0.08,0.0522,0.1755,0
3.665,0,0.08,0.081,0.1688,0
3.67,0,0.08,0.0491,0.1627,0
3.675,0,0.08,0.0594,0.1567,0
3.68,0,0.08,0.0635,0.1509,0
3.685,0,1.0,0.0633,0.1459,0
3.69,0,1.0,0.0338,0.141,0
3.695,0,1.0,0.0664,0.1363,1
3.7,0,1.0,0.0893,0.1315,1
3.705,0,1.0,0.0716,0.1274,1
3.71,0,1.0,0.0596,0.1229,1
3.715,0,1.0,0.0622,0.1185,1
3.72,0,1.0,0.0928,0.1142,1
3.725,0,1.0,0.1039,0.1099,1
3.73,0,1.0,0.0883,0.106,1
3.735,0,1.0,0.1171,0.1023,1
3.74,0,1.0,0.1096,0.0991,1
3.745,0,1.0,0.0927,0.0959,1
3.75,0,1.0,0.1595,0.0935,1
3.755,0,1.0,0.0956,0.0906,1
3.76,0,1.0,0.0638,0.0878,1
3.765,0,1.0,0.0913,0.0848,1
3.77,0,1.0,0.1063,0.0824,1
3.775,0,1.0,0.0982,0.0797,1
3.78,0,1.0,0.0763,0.0774,1
3.785,0,1.0,0.0824,0.0747,1
3.79,0,1.0,0.0758,0.0721,1
3.795,0,1.0,0.0891,0.0696,1
3.8,0,1.0,0.0395,0.0678,1
3.805,0,1.0,0.0908,0.0659,1
3.81,0,1.0,0.0402,0.0645,1
3.815,0,1.0,0.1332,0.0628,1
3.82,0,1.0,0.0444,0.061,1
3.825,0,1.0,0.0688,0.0597,1
3.83,0,1.0,0.0851,0.0579,1
3.835,0,1.0,0.0932,0.056,1
3.84,0,1.0,0.0801,0.0542,1
3.845,0,1.0,0.0837,0.0532,1
3.85,0,1.0,0.051,0.0524,1
3.855,0,1.0,0.0524,0.0507,1
3.86,0,1.0,0.0953,0.0496,1
3.865,0,1.0,0.09,0.0481,1
3.87,0,1.0,0.0891,0.047,1
3.875,0,1.0,0.0829,0.0458,1
3.88,0,1.0,0.0583,0.045,1
3.885,0,1.0,0.0558,0.0438,1
3.89,0,1.0,0.062,0.0425,1
3.895,0,1.0,0.0733,0.0415,1
3.9,0,1.0,0.1134,0.0405,1
3.905,0,1.0,0.0525,0.0393,1
3.91,0,1.0,0.0933,0.0386,1
3.915,0,1.0,0.0585,0.0378,1
3.92,0,1.0,0.0481,0.0373,1
3.925,0,1.0,0.0444,0.0369,1
3.93,0,1.0,0.0732,0.0358,1
3.935,0,1.0,0.0952,0.0353,1
3.94,0,1.0,0.0812,0.0343,1
3.945,0,1.0,0.0622,0.0343,1
3.95,0,1.0,0.1108,0.0337,1
3.955,0,1.0,0.0923,0.0328,1
3.96,0,1.0,0.0945,0.032,1
3.965,0,1.0,0.0807,0.0311,1
3.97,0,1.0,0.1232,0.0309,1
3.975,0,1.0,0.0983,0.0304,1
3.98,0,1.0,0.1095,0.0303,1
3.985,0,1.0,0.0641,0.0294,1
3.99,0,1.0,0.0826,0.0291,1
3.995,0,1.0,0.1068,0.0293,1
4.0,0,1.0,0.0353,0.0293,1
4.005,0,1.0,0.125,0.0291,1
4.01,0,1.0,0.0809,0.0286,1
4.015,0,1.0,0.1081,0.0284,1
4.02,0,1.0,0.0698,0.028,1
4.025,0,1.0,0.0606,0.0284,1
4.03,0,1.0,0.0808,0.0278,1
4.035,0,1.0,0.0927,0.0276,1
4.04,0,1.0,0.0239,0.0274,1
4.045,0,1.0,0.0946,0.0269,1
4.05,0,1.0,0.0794,0.0261,1
4.055,0,1.0,0.1015,0.0258,1
4.06,0,1.0,0.0997,0.0251,1
4.065,0,1.0,0.095,0.0249,1
4.07,0,1.0,0.0907,0.0245,1
4.075,0,1.0,0.0893,0.0239,1
4.08,0,1.0,0.1118,0.0242,1
4.085,0,1.0,0.0785,0.024,1
4.09,0,1.0,0.0759,0.0236,1
4.095,0,1.0,0.0539,0.024,1
4.1,0,1.0,0.0791,0.0241,1
4.105,0,1.0,0.0878,0.0241,1
4.11,0,1.0,0.0785,0.0243,1
4.115,0,1.0,0.0943,0.024,1
4.12,0,1.0,0.093,0.0243,1
4.125,0,1.0,0.0788,0.024,1
4.13,0,1.0,0.1066,0.0241,1
4.135,0,1.0,0.0572,0.0241,1
4.14,0,1.0,0.1142,0.0241,1
4.145,0,1.0,0.0504,0.0237,1
4.15,0,1.0,0.0934,0.024,1
4.155,0,1.0,0.109,0.0236,1
4.16,0,1.0,0.0479,0.024,1
4.165,0,1.0,0.0929,0.0237,1
4.17,1,1.0,1.0944,0.0397,1
4.175,0,1.0,0.0983,0.0465,1
4.18,0,1.0,0.0559,0.0458,1
4.185,1,1.0,1.1021,0.0533,1
4.19,1,1.0,1.0534,0.0916,1
4.195,1,1.0,1.0895,0.1296,1
4.2,0,1.0,0.091,0.1411,1
4.205,0,1.0,0.1019,0.1363,1
4.21,0,1.0,0.0739,0.1313,1
4.215,1,1.0,1.0879,0.1677,1
4.22,1,1.0,1.0823,0.2011,1
4.225,0,1.0,0.092,0.2176,0
4.23,0,1.0,0.1223,0.2097,0
4.235,0,1.0,0.074,0.2018,0
4.24,1,1.0,1.085,0.2269,0
4.245,1,1.0,1.0767,0.2585,0
4.25,1,1.0,1.0538,0.2884,0
4.255,0,1.0,0.069,0.277,0
4.26,0,1.0,0.0902,0.2671,0
4.265,1,1.0,1.1236,0.2738,0
4.27,1,1.0,1.0691,0.303,0
4.275,1,1.0,1.1025,0.3316,0
4.28,0,1.0,0.0483,0.3271,0
4.285,0,1.0,0.0923,0.3144,0
4.29,1,1.0,1.112,0.3112,0
4.295,1,1.0,1.0888,0.3393,0
4.3,1,1.0,1.1134,0.3664,0
4.305,0,1.0,0.0549,0.3683,0
4.31,0,1.0,0.091,0.3537,0
4.315,0,1.0,0.0681,0.34,0
4.32,1,1.0,1.0623,0.3675,0
4.325,1,1.0,1.0793,0.3936,0
4.33,0,1.0,0.1094,0.402,0
4.335,0,1.0,0.064,0.3869,0
4.34,0,1.0,0.1101,0.3719,0
4.345,1,1.0,1.0776,0.3818,0
4.35,1,1.0,1.0505,0.4057,0
4.355,1,1.0,1.0524,0.4298,0
4.36,0,1.0,0.1016,0.413,0
4.365,0,1.0,0.0997,0.3971,0
4.37,1,1.0,1.1153,0.3985,0
4.375,1,1.0,1.098,0.4233,0
4.38,1,1.0,1.0732,0.4464,0
4.385,0,1.0,0.1462,0.4375,0
4.39,0,1.0,0.063,0.4209,0
4.395,1,1.0,1.0606,0.4121,0
4.4,1,1.0,1.0591,0.4353,0
4.405,1,1.0,1.0806,0.4581,0
4.41,0,1.0,0.0688,0.4557,0
4.415,0,1.0,0.0623,0.438,0
4.42,0,1.0,0.0546,0.4215,0
4.425,1,1.0,1.1495,0.4384,0
4.43,1,1.0,1.1011,0.4618,0
4.435,0,1.0,0.0934,0.4751,0
4.44,0,1.0,0.0679,0.4567,0
4.445,0,1.0,0.0787,0.4386,0
4.45,1,1.0,1.0528,0.4459,0
4.455,1,1.0,1.0756,0.4682,0
4.46,1,1.0,1.0501,0.4891,0
4.465,0,1.0,0.1391,0.4704,0
4.47,0,1.0,0.0608,0.4524,0
4.475,1,1.0,1.114,0.451,0
4.48,1,1.0,1.1212,0.4738,0
4.485,1,1.0,1.1022,0.4951,0
4.49,0,1.0,0.0893,0.4838,0
4.495,0,1.0,0.1028,0.4652,0
4.5,0,1.0,0.0336,0.4472,0
4.505,1,1.0,1.1053,0.4696,0
4.51,1,1.0,1.0937,0.491,0
4.515,0,1.0,0.0951,0.4953,0
4.52,0,1.0,0.0868,0.4758,0
4.525,0,1.0,0.0741,0.457,0
4.53,1,1.0,1.1109,0.4721,0
4.535,1,1.0,1.1055,0.4932,0
4.54,0,1.0,0.0689,0.5061,0
4.545,0,1.0,0.0695,0.4861,0
4.55,0,1.0,0.1021,0.4676,0
4.555,1,1.0,1.0539,0.4734,0
4.56,1,1.0,1.0817,0.4947,0
4.565,1,1.0,1.0918,0.5151,0
4.57,0,1.0,0.0741,0.4952,0
4.575,0,1.0,0.0587,0.476,0
4.58,1,1.0,1.1037,0.4735,0
4.585,1,1.0,0.9989,0.494,0
4.59,1,1.0,1.0855,0.5144,0
4.595,0,1.0,0.076,0.5095,0
4.6,0,1.0,0.0607,0.4896,0
4.605,0,1.0,0.0833,0.4705,0
4.61,1,1.0,1.0911,0.4919,0
4.615,1,1.0,1.0788,0.5125,0
4.62,0,1.0,0.0638,0.5161,0
4.625,0,1.0,0.0683,0.4957,0
4.63,0,1.0,0.1208,0.4765,0
4.635,1,1.0,1.0817,0.4894,0
4.64,1,1.0,1.0856,0.51,0
4.645,0,1.0,0.0772,0.5218,0
4.65,0,1.0,0.0861,0.501,0
4.655,0,1.0,0.0759,0.4812,0
4.66,1,1.0,1.0907,0.4862,0
4.665,1,1.0,1.1072,0.5071,0
4.67,1,1.0,1.102,0.5271,0
4.675,0,1.0,0.1026,0.5143,0
4.68,0,1.0,0.0515,0.4942,0
4.685,1,1.0,1.0825,0.4832,0
4.69,1,1.0,1.0766,0.5038,0
4.695,1,1.0,1.069,0.5239,0
4.7,0,1.0,0.0603,0.519,0
4.705,0,1.0,0.0665,0.4991,0
4.71,0,1.0,0.1058,0.4796,0
4.715,1,1.0,1.0453,0.4994,0
4.72,1,1.0,1.0733,0.5197,0
4.725,0,1.0,0.1254,0.5235,0
4.73,0,1.0,0.0519,0.503,0
4.735,0,1.0,0.082,0.4837,0
4.74,1,1.0,1.0601,0.4963,0
4.745,1,1.0,1.0608,0.5168,0
4.75,1,1.0,1.0644,0.5361,0
4.755,0,1.0,0.1112,0.5151,0
4.76,0,1.0,0.0514,0.4952,0
4.765,1,1.0,1.0787,0.4921,0
4.77,1,1.0,1.1001,0.5127,0
4.775,1,1.0,1.0632,0.5328,0
4.78,0,1.0,0.1028,0.5201,0
4.785,0,1.0,0.087,0.4998,0
4.79,1,1.0,1.1214,0.4886,0
4.795,1,1.0,1.0803,0.5099,0
4.8,1,1.0,1.0871,0.5299,0
4.805,0,1.0,0.0636,0.5246,0
4.81,0,1.0,0.0706,0.5043,0
4.815,0,1.0,0.1139,0.4848,0
4.82,1,1.0,1.141,0.5062,0
4.825,1,1.0,1.0626,0.5259,0
4.83,0,1.0,0.0356,0.5292,0
4.835,0,1.0,0.0958,0.5085,0
4.84,0,1.0,0.0652,0.4885,0
4.845,1,1.0,1.1025,0.4941,0
4.85,1,1.0,1.0796,0.5145,0
4.855,1,1.0,1.0831,0.535,0
4.86,0,1.0,0.1001,0.5139,0
4.865,0,1.0,0.0871,0.4937,0
4.87,1,1.0,1.0753,0.4905,0
4.875,1,1.0,1.0583,0.5108,0
4.88,1,1.0,1.0294,0.5301,0
4.885,0,1.0,0.0735,0.5174,0
4.89,0,1.0,0.0717,0.4974,0
4.895,1,1.0,1.0392,0.4854,0
4.9,1,1.0,1.0851,0.5069,0
4.905,1,1.0,1.0986,0.5268,0
4.91,0,1.0,0.0491,0.5215,0
4.915,0,1.0,0.0965,0.5008,0
4.92,0,1.0,0.1094,0.4812,0
4.925,1,1.0,1.0892,0.4945,0
4.93,1,1.0,1.0489,0.5151,0
4.935,0,1.0,0.1083,0.5269,0
4.94,0,1.0,0.0499,0.5064,0
4.945,0,1.0,0.0888,0.4866,0
4.95,1,1.0,1.0523,0.4917,0
4.955,1,1.0,1.1061,0.512,0
4.96,0,1.0,0.0797,0.5073,0
4.965,0,1.0,0.09,0.4873,0
4.97,0,1.0,0.0809,0.4685,0
4.975,0,1.0,0.0913,0.4501,0
4.98,0,1.0,0.089,0.4326,0
4.985,0,1.0,0.0444,0.4158,0
4.99,0,1.0,0.098,0.3997,0
4.995,0,1.0,0.0302,0.3843,0
5.0,0,1.0,0.0505,0.3699,0
5.005,0,1.0,0.1056,0.356,0
5.01,0,1.0,0.0502,0.3424,0
5.015,0,1.0,0.0772,0.3291,0
5.02,0,1.0,0.0725,0.3167,0
5.025,0,1.0,0.0855,0.3047,0
5.03,0,1.0,0.0941,0.2931,0
5.035,0,1.0,0.1197,0.2819,0
5.04,0,1.0,0.1152,0.2717,0
5.045,0,1.0,0.0786,0.2614,0
5.05,0,1.0,0.1104,0.2515,0
5.055,0,1.0,0.0942,0.2421,0
5.06,0,1.0,0.077,0.2332,0
5.065,0,1.0,0.0636,0.2246,0
5.07,0,1.0,0.1133,0.2165,0
5.075,0,1.0,0.087,0.2079,0
5.08,0,1.0,0.1333,0.2005,0
5.085,0,1.0,0.0827,0.1932,0
5.09,0,1.0,0.1326,0.1867,0
5.095,0,1.0,0.0953,0.1798,0
5.1,0,1.0,0.1063,0.173,0
5.105,0,1.0,0.0724,0.1666,0
5.11,0,1.0,0.0875,0.1606,0
5.115,0,1.0,0.0706,0.1553,0
5.12,0,1.0,0.0573,0.1499,0
5.125,0,1.0,0.0828,0.1443,0
5.13,0,1.0,0.0882,0.1393,1
5.135,0,1.0,0.1093,0.1346,1
5.14,0,1.0,0.0751,0.1299,1
5.145,0,1.0,0.1529,0.1257,1
5.15,0,1.0,0.1078,0.1212,1
5.155,0,1.0,0.1032,0.1171,1
5.16,0,1.0,0.085,0.1127,1
5.165,0,1.0,0.0736,0.1089,1
5.17,0,1.0,0.0891,0.1049,1
5.175,0,1.0,0.0729,0.1015,1
5.18,0,1.0,0.0977,0.0983,1
5.185,0,1.0,0.0909,0.0948,1
5.19,0,1.0,0.0749,0.0916,1
5.195,0,1.0,0.0949,0.0887,1
5.2,0,1.0,0.1148,0.0862,1
5.205,0,1.0,0.0695,0.0835,1
5.21,0,1.0,0.0966,0.0811,1
5.215,0,1.0,0.0541,0.0785,1
5.22,0,1.0,0.0406,0.0762,1
5.225,0,1.0,0.1198,0.074,1
5.23,0,1.0,0.0866,0.0717,1
5.235,0,1.0,0.1249,0.0702,1
5.24,0,1.0,0.1007,0.0681,1
5.245,0,1.0,0.0317,0.0668,1
5.25,0,1.0,0.0661,0.0649,1
5.255,0,1.0,0.0492,0.0631,1
5.26,0,1.0,0.0504,0.0621,1
5.265,0,1.0,0.1059,0.0606,1
5.27,0,1.0,0.1154,0.0595,1
5.275,0,1.0,0.0723,0.0577,1
5.28,0,1.0,0.0867,0.0561,1
5.285,0,1.0,0.1004,0.0544,1
5.29,0,1.0,0.0699,0.0528,1
5.295,0,1.0,0.0964,0.0513,1
5.3,0,1.0,0.0936,0.0499,1
5.305,0,1.0,0.0838,0.0487,1
5.31,0,1.0,0.0806,0.0474,1
5.315,0,1.0,0.0847,0.0459,1
5.32,0,1.0,0.0625,0.0449,1
5.325,0,1.0,0.0501,0.0441,1
5.33,0,1.0,0.0448,0.0432,1
5.335,0,1.0,0.0375,0.0424,1
5.34,0,1.0,0.1018,0.0411,1
5.345,0,1.0,0.1199,0.0403,1
5.35,0,1.0,0.0821,0.0392,1
5.355,0,1.0,0.0578,0.0384,1
5.36,0,1.0,0.1107,0.0375,1
5.365,0,1.0,0.0756,0.0363,1
5.37,0,1.0,0.0787,0.0354,1
5.375,0,1.0,0.0822,0.0349,1
5.38,0,1.0,0.0963,0.0349,1
5.385,0,1.0,0.0399,0.0346,1
5.39,0,1.0,0.1392,0.0347,1
5.395,0,1.0,0.0715,0.0345,1
5.4,0,1.0,0.0643,0.0336,1
5.405,0,1.0,0.1261,0.0338,1
5.41,0,1.0,0.0933,0.033,1
5.415,0,1.0,0.1006,0.0322,1
5.42,0,1.0,0.0711,0.0314,1
5.425,0,1.0,0.1177,0.0313,1
5.43,0,1.0,0.0555,0.0308,1
5.435,0,1.0,0.0851,0.0301,1
5.44,0,1.0,0.0869,0.0296,1
5.445,0,1.0,0.0453,0.0296,1
5.45,0,1.0,0.0836,0.029,1
5.455,0,1.0,0.0562,0.0287,1
5.46,0,1.0,0.0591,0.0285,1
5.465,0,1.0,0.0505,0.0279,1
5.47,0,1.0,0.1055,0.0274,1
5.475,0,1.0,0.0447,0.0271,1
5.48,0,1.0,0.0587,0.0268,1
5.485,0,1.0,0.0578,0.0266,1
5.49,0,1.0,0.1011,0.0264,1
5.495,0,1.0,0.1013,0.0267,1
5.5,0,1.0,0.0539,0.0269,1
5.505,0,1.0,0.0937,0.0267,1
5.51,0,1.0,0.1033,0.0262,1
5.515,0,1.0,0.0642,0.026,1
5.52,0,1.0,0.0708,0.0256,1
5.525,0,1.0,0.0803,0.0252,1
5.53,0,1.0,0.0498,0.0254,1
5.535,0,1.0,0.075,0.0249,1
5.54,0,1.0,0.0886,0.0249,1
5.545,0,1.0,0.0504,0.0248,1
5.55,0,1.0,0.077,0.0243,1
5.555,0,1.0,0.0783,0.024,1
5.56,1,1.0,1.1035,0.0479,1
5.565,1,1.0,1.0636,0.0863,1
5.57,0,1.0,0.0777,0.0836,1
5.575,0,1.0,0.0779,0.081,1
5.58,1,1.0,1.0523,0.095,1
5.585,1,1.0,1.0327,0.1313,1
5.59,1,1.0,1.063,0.1663,1
5.595,0,1.0,0.0415,0.1756,1
5.6,0,1.0,0.0469,0.1696,1
5.605,0,1.0,0.0928,0.1638,1
5.61,1,1.0,1.0909,0.1977,1
5.615,1,1.0,1.0688,0.2299,0
5.62,0,1.0,0.0818,0.2446,0
5.625,0,1.0,0.0717,0.2361,0
5.63,0,1.0,0.0385,0.2271,0
5.635,1,1.0,1.1246,0.2511,0
5.64,1,1.0,1.1272,0.2827,0
5.645,0,1.0,0.0707,0.3036,0
5.65,0,1.0,0.1067,0.2922,0
5.655,0,1.0,0.093,0.281,0
5.66,1,1.0,1.1165,0.2947,0
5.665,1,1.0,1.0508,0.3235,0
5.67,1,1.0,1.0843,0.351,0
5.675,0,1.0,0.0321,0.3451,0
5.68,0,1.0,0.1318,0.3325,0
5.685,1,1.0,1.0645,0.3278,0
5.69,1,1.0,1.1134,0.3552,0
5.695,1,1.0,1.0673,0.3813,0
5.7,0,1.0,0.0909,0.3821,0
5.705,0,1.0,0.0605,0.3676,0
5.71,0,1.0,0.06,0.3533,0
5.715,1,1.0,1.0774,0.3799,0
5.72,1,1.0,1.0876,0.4051,0
5.725,0,1.0,0.0758,0.4125,0
5.73,0,1.0,0.1066,0.3965,0
5.735,0,1.0,0.0345,0.3811,0
5.74,1,1.0,1.0849,0.398,0
5.745,1,1.0,1.0739,0.4216,0
5.75,1,1.0,1.0728,0.4453,0
5.755,0,1.0,0.0977,0.4278,0
5.76,0,1.0,0.0808,0.4112,0
5.765,1,1.0,1.0445,0.4104,0
5.77,1,1.0,1.1268,0.435,0
5.775,1,1.0,1.0492,0.4579,0
5.78,0,1.0,0.076,0.4476,0
5.785,0,1.0,0.1189,0.4303,0
5.79,1,1.0,1.1064,0.4222,0
5.795,1,1.0,1.1031,0.4458,0
5.8,1,1.0,1.0377,0.4683,0
5.805,0,1.0,0.0906,0.4659,0
5.81,0,1.0,0.1158,0.4481,0
5.815,0,1.0,0.1232,0.4308,0
5.82,1,1.0,1.0499,0.4545,0
5.825,1,1.0,1.0958,0.4774,0
5.83,0,1.0,0.0966,0.4829,0
5.835,0,1.0,0.0531,0.464,0
5.84,0,1.0,0.0573,0.446,0
5.845,1,1.0,1.0777,0.4521,0
5.85,1,1.0,1.1006,0.4749,0
5.855,1,1.0,1.0919,0.4963,0
5.86,0,1.0,0.0783,0.4765,0
5.865,0,1.0,0.0224,0.4582,0
5.87,1,1.0,1.0654,0.4565,0
5.875,1,1.0,1.0871,0.4788,0
5.88,1,1.0,1.0791,0.5008,0
5.885,0,1.0,0.084,0.4886,0
5.89,0,1.0,0.0604,0.4698,0
5.895,1,1.0,1.1178,0.4595,0
5.9,1,1.0,1.0792,0.4806,0
5.905,1,1.0,1.0822,0.5014,0
5.91,0,1.0,0.1081,0.4978,0
5.915,0,1.0,0.061,0.4781,0
5.92,0,1.0,0.073,0.4593,0
5.925,1,1.0,1.0652,0.4737,0
5.93,1,1.0,1.0331,0.495,0
5.935,0,1.0,0.1036,0.5071,0
5.94,0,1.0,0.0729,0.4871,0
5.945,0,1.0,0.0755,0.4683,0
5.95,1,1.0,1.1069,0.4748,0
5.955,1,1.0,1.0447,0.4957,0
5.96,1,1.0,1.0448,0.5167,0
5.965,0,1.0,0.0934,0.4966,0
5.97,0,1.0,0.0267,0.478,0
5.975,1,1.0,1.06,0.4753,0
5.98,1,1.0,1.07,0.4962,0
5.985,1,1.0,1.0836,0.5167,0
5.99,0,1.0,0.1253,0.5051,0
5.995,0,1.0,0.1298,0.4859,0
6.0,0,1.0,0.0976,0.467,0
6.005,1,1.0,1.0838,0.4883,0
6.01,1,1.0,1.1096,0.5093,0
6.015,0,1.0,0.0723,0.5134,0
6.02,0,1.0,0.1084,0.4934,0
6.025,0,1.0,0.0786,0.4738,0
6.03,1,1.0,1.0235,0.4863,0
6.035,1,1.0,1.0921,0.5076,0
6.04,0,1.0,0.0938,0.5198,0
6.045,0,1.0,0.0996,0.4996,0
6.05,0,1.0,0.0601,0.4797,0
6.055,1,1.0,1.0877,0.4851,0
6.06,1,1.0,1.1019,0.5066,0
6.065,1,1.0,1.1036,0.5271,0
6.07,0,1.0,0.077,0.5063,0
6.075,0,1.0,0.0914,0.4866,0
6.08,1,1.0,1.0506,0.4835,0
6.085,1,1.0,1.0619,0.5036,0
6.09,1,1.0,1.0873,0.5241,0
6.095,0,1.0,0.0798,0.5192,0
6.1,0,1.0,0.0997,0.4989,0
6.105,0,1.0,0.0927,0.4794,0
6.11,1,1.0,1.1158,0.5006,0
6.115,1,1.0,1.0804,0.5207,0
6.12,0,1.0,0.0374,0.5245,0
6.125,0,1.0,0.0412,0.5045,0
6.13,0,1.0,0.0756,0.4845,0
6.135,1,1.0,1.0532,0.498,0
6.14,1,1.0,1.1083,0.5178,0
6.145,0,1.0,0.102,0.5296,0
6.15,0,1.0,0.0791,0.5088,0
6.155,0,1.0,0.0576,0.4884,0
6.16,1,1.0,1.0683,0.4934,0
6.165,1,1.0,1.1148,0.5136,0
6.17,1,1.0,1.0958,0.534,0
6.175,0,1.0,0.0959,0.5212,0
6.18,0,1.0,0.0973,0.5006,0
6.185,1,1.0,1.0252,0.489,0
6.19,1,1.0,1.092,0.51,0
6.195,1,1.0,1.064,0.5298,0
6.2,0,1.0,0.0569,0.5249,0
6.205,0,1.0,0.0733,0.5043,0
6.21,0,1.0,0.0651,0.4845,0
6.215,1,1.0,1.0695,0.5046,0
6.22,1,1.0,1.0973,0.5248,0
6.225,0,1.0,0.032,0.5292,0
6.23,0,1.0,0.0767,0.5084,0
6.235,0,1.0,0.0703,0.4886,0
6.24,1,1.0,1.0686,0.5011,0
6.245,1,1.0,1.0726,0.5209,0
6.25,1,1.0,1.0814,0.5407,0
6.255,0,1.0,0.0883,0.5203,0
6.26,0,1.0,0.0298,0.5003,0
6.265,1,1.0,1.1006,0.497,0
6.27,1,1.0,1.0941,0.5177,0
6.275,1,1.0,1.0954,0.538,0
6.28,0,1.0,0.0841,0.5241,0
6.285,0,1.0,0.0741,0.5032,0
6.29,1,1.0,1.0766,0.4915,0
6.295,1,1.0,1.0915,0.5129,0
6.3,1,1.0,1.0826,0.5323,0
6.305,0,1.0,0.0826,0.527,0
6.31,0,1.0,0.083,0.5062,0
6.315,0,1.0,0.0908,0.486,0
6.32,1,1.0,1.1076,0.5074,0
6.325,1,1.0,1.0683,0.5273,0
6.33,0,1.0,0.054,0.5301,0
6.335,0,1.0,0.1255,0.5094,0
6.34,0,1.0,0.0989,0.4894,0
6.345,1,1.0,1.0796,0.4951,0
6.35,0,1.0,0.0638,0.4912,0
6.355,0,1.0,0.0504,0.4722,0
6.36,0,1.0,0.066,0.4534,0
6.365,0,1.0,0.0717,0.4354,0
6.37,0,1.0,0.0893,0.4187,0
6.375,0,1.0,0.1372,0.4025,0
6.38,0,1.0,0.0813,0.3865,0
6.385,0,1.0,0.0462,0.3719,0
6.39,0,1.0,0.0783,0.3574,0
6.395,0,1.0,0.0745,0.3433,0
6.4,0,1.0,0.0595,0.33,0
6.405,0,1.0,0.0521,0.318,0
6.41,0,1.0,0.0761,0.3057,0
6.415,0,1.0,0.0711,0.2941,0
6.42,0,1.0,0.0711,0.2825,0
6.425,0,1.0,0.0924,0.2717,0
6.43,0,1.0,0.0555,0.2615,0
6.435,0,1.0,0.11,0.2515,0
6.44,0,1.0,0.1248,0.2424,0
6.445,0,1.0,0.0497,0.2335,0
6.45,0,1.0,0.1161,0.2252,0
6.455,0,1.0,0.1138,0.2171,0
6.46,0,1.0,0.0638,0.2088,0
6.465,0,1.0,0.0816,0.2011,0
6.47,0,1.0,0.0685,0.1938,0
6.475,0,1.0,0.105,0.1867,0
6.48,0,1.0,0.1184,0.1798,0
6.485,0,1.0,0.0657,0.1736,0
6.49,0,1.0,0.0894,0.1671,0
6.495,0,1.0,0.0846,0.1608,0
6.5,0,1.0,0.0823,0.155,0
6.505,0,1.0,0.1145,0.1495,0
6.51,0,1.0,0.059,0.1439,0
6.515,0,1.0,0.0839,0.1386,1
6.52,0,1.0,0.0905,0.1337,1
6.525,0,1.0,0.0857,0.1293,1
6.53,0,1.0,0.0791,0.1245,1
6.535,0,1.0,0.0612,0.1203,1
6.54,0,1.0,0.0817,0.1161,1
6.545,0,1.0,0.067,0.1119,1
6.55,0,1.0,0.1043,0.1083,1
6.555,0,1.0,0.0708,0.1046,1
6.56,0,1.0,0.1071,0.1013,1
6.565,0,1.0,0.0988,0.0978,1
6.57,0,1.0,0.045,0.0943,1
6.575,0,1.0,0.0778,0.091,1
6.58,0,1.0,0.0323,0.0883,1
6.585,0,1.0,0.101,0.0856,1
6.59,0,1.0,0.1347,0.0831,1
6.595,0,1.0,0.0898,0.0801,1
6.6,0,1.0,0.0803,0.0774,1
6.605,0,1.0,0.086,0.0753,1
6.61,0,1.0,0.1017,0.0729,1
6.615,0,1.0,0.1124,0.0708,1
6.62,0,1.0,0.0957,0.0685,1
6.625,0,1.0,0.1064,0.0665,1
6.63,0,1.0,0.1431,0.0653,1
6.635,0,1.0,0.0992,0.0634,1
6.64,0,1.0,0.0056,0.0623,1
6.645,0,1.0,0.0862,0.0612,1
6.65,0,1.0,0.1024,0.0597,1
6.655,0,1.0,0.1,0.058,1
6.66,0,1.0,0.0931,0.0563,1
6.665,0,1.0,0.0977,0.0548,1
6.67,0,1.0,0.0968,0.0532,1
6.675,0,1.0,0.0519,0.0522,1
6.68,0,1.0,0.1335,0.051,1
6.685,0,1.0,0.0579,0.0497,1
6.69,0,1.0,0.0782,0.0483,1
6.695,0,1.0,0.092,0.0472,1
6.7,0,1.0,0.0494,0.0465,1
6.705,0,1.0,0.1026,0.0453,1
6.71,0,1.0,0.0715,0.0438,1
6.715,0,1.0,0.0706,0.0425,1
6.72,0,1.0,0.0535,0.0415,1
6.725,0,1.0,0.0842,0.0403,1
6.73,0,1.0,0.1005,0.0395,1
6.735,0,1.0,0.1072,0.0391,1
6.74,0,1.0,0.1103,0.0386,1
6.745,0,1.0,0.0603,0.0379,1
6.75,0,1.0,0.0782,0.037,1
6.755,0,1.0,0.1184,0.0364,1
6.76,0,1.0,0.0664,0.0359,1
6.765,0,1.0,0.0751,0.0349,1
6.77,0,1.0,0.0733,0.0343,1
6.775,0,1.0,0.0931,0.0337,1
6.78,0,1.0,0.1169,0.0335,1
6.785,0,1.0,0.0871,0.0326,1
6.79,0,1.0,0.0588,0.0321,1
6.795,0,1.0,0.0948,0.0315,1
6.8,0,1.0,0.0735,0.0304,1
6.805,0,1.0,0.0646,0.03,1
6.81,0,1.0,0.0628,0.0301,1
6.815,0,1.0,0.0457,0.03,1
6.82,0,1.0,0.0867,0.0292,1
6.825,0,1.0,0.1102,0.0289,1
6.83,0,1.0,0.0813,0.0285,1
6.835,0,1.0,0.0785,0.0278,1
6.84,0,1.0,0.1202,0.0274,1
6.845,0,1.0,0.0766,0.027,1
6.85,0,1.0,0.1011,0.0265,1
6.855,0,1.0,0.1119,0.0264,1
6.86,0,1.0,0.0813,0.0264,1
6.865,0,1.0,0.0785,0.026,1
6.87,0,1.0,0.0885,0.0255,1
6.875,0,1.0,0.1234,0.0254,1
6.88,0,1.0,0.0656,0.025,1
6.885,0,1.0,0.0583,0.0247,1
6.89,0,1.0,0.1002,0.0246,1
6.895,0,1.0,0.0705,0.0246,1
6.9,0,1.0,0.0659,0.0244,1
6.905,0,1.0,0.0465,0.0244,1
6.91,0,1.0,0.0684,0.0241,1
6.915,0,1.0,0.0677,0.0234,1
6.92,0,1.0,0.1107,0.0237,1
6.925,0,1.0,0.1205,0.0238,1
6.93,0,1.0,0.0978,0.0239,1
6.935,0,1.0,0.0598,0.0236,1
6.94,0,1.0,0.1048,0.0235,1
6.945,0,1.0,0.1045,0.0236,1
6.95,1,1.0,1.1533,0.0484,1
6.955,1,1.0,1.091,0.0879,1
6.96,1,1.0,1.091,0.125,1
6.965,0,1.0,0.0937,0.1207,1
6.97,0,1.0,0.1352,0.1172,1
6.975,1,1.0,1.0612,0.1292,1
6.98,1,1.0,1.0581,0.1634,1
6.985,1,1.0,1.0816,0.1975,1
6.99,0,1.0,0.0948,0.1983,1
6.995,0,1.0,0.0668,0.191,1
7.0,0,1.0,0.0626,0.1844,1
7.005,1,1.0,1.0457,0.2176,1
7.01,1,1.0,1.0257,0.249,0
7.015,0,1.0,0.0509,0.2628,0
7.02,0,1.0,0.0603,0.2531,0
7.025,0,1.0,0.0068,0.2446,0
7.03,1,1.0,1.0771,0.2672,0
7.035,1,1.0,1.0941,0.2965,0
7.04,0,1.0,0.0828,0.317,0
7.045,0,1.0,0.0853,0.3045,0
7.05,0,1.0,0.061,0.2926,0
7.055,1,1.0,1.0977,0.3057,0
7.06,1,1.0,1.0805,0.3338,0
7.065,1,1.0,1.0708,0.3609,0
7.07,0,1.0,0.0781,0.3473,0
7.075,0,1.0,0.111,0.3343,0
7.08,1,1.0,1.0971,0.338,0
7.085,1,1.0,1.0732,0.365,0
7.09,1,1.0,1.1116,0.3914,0
7.095,0,1.0,0.1116,0.3923,0
7.1,0,1.0,0.0559,0.3771,0
7.105,0,1.0,0.124,0.363,0
7.11,1,1.0,1.1205,0.3889,0
7.115,1,1.0,1.0338,0.4132,0
7.12,0,1.0,0.0643,0.4201,0
7.125,0,1.0,0.1058,0.4041,0
7.13,0,1.0,0.0659,0.388,0
7.135,1,1.0,1.0543,0.4051,0
7.14,1,1.0,1.1043,0.43,0
7.145,0,1.0,0.089,0.4445,0
7.15,0,1.0,0.0921,0.4272,0
7.155,0,1.0,0.113,0.4109,0
7.16,1,1.0,1.0632,0.4198,0
7.165,1,1.0,1.0659,0.4443,0
7.17,1,1.0,1.073,0.4671,0
7.175,0,1.0,0.0544,0.4571,0
7.18,0,1.0,0.0952,0.4392,0
7.185,1,1.0,1.0771,0.4302,0
7.19,1,1.0,1.1074,0.4536,0
7.195,1,1.0,1.1179,0.4761,0
7.2,0,1.0,0.1159,0.4738,0
7.205,0,1.0,0.0906,0.4551,0
7.21,0,1.0,0.0972,0.4375,0
7.215,1,1.0,1.0226,0.46,0
7.22,1,1.0,1.1026,0.4815,0
7.225,0,1.0,0.0913,0.4861,0
7.23,0,1.0,0.0846,0.4667,0
7.235,0,1.0,0.0866,0.4483,0
7.24,1,1.0,1.0652,0.4634,0
7.245,1,1.0,1.0899,0.4856,0
7.25,1,1.0,1.0895,0.5064,0
7.255,0,1.0,0.0416,0.4866,0
7.26,0,1.0,0.0646,0.4677,0
7.265,1,1.0,1.0696,0.4653,0
7.27,1,1.0,1.0864,0.4872,0
7.275,1,1.0,1.0939,0.508,0
7.28,0,1.0,0.0939,0.4957,0
7.285,0,1.0,0.1071,0.4763,0
7.29,1,1.0,1.125,0.4662,0
7.295,1,1.0,1.0506,0.4874,0
7.3,1,1.0,1.0919,0.5086,0
7.305,0,1.0,0.0454,0.505,0
7.31,0,1.0,0.0725,0.4852,0
7.315,0,1.0,0.0827,0.466,0
7.32,1,1.0,1.053,0.4874,0
7.325,1,1.0,1.0941,0.5081,0
7.33,0,1.0,0.0661,0.5124,0
7.335,0,1.0,0.1032,0.4927,0
7.34,0,1.0,0.1082,0.4739,0
7.345,1,1.0,1.1395,0.48,0
7.35,1,1.0,1.1031,0.5015,0
7.355,1,1.0,1.0634,0.5218,0
7.36,0,1.0,0.0663,0.5014,0
7.365,0,1.0,0.1072,0.482,0
7.37,1,1.0,1.0916,0.4794,0
7.375,1,1.0,1.1141,0.5007,0
7.38,1,1.0,1.0171,0.5207,0
7.385,0,1.0,0.0462,0.5088,0
7.39,0,1.0,0.0744,0.4885,0
7.395,1,1.0,1.0515,0.4774,0
7.4,1,1.0,1.1085,0.4981,0
7.405,1,1.0,1.0699,0.5187,0
7.41,0,1.0,0.0879,0.5141,0
7.415,0,1.0,0.0642,0.4944,0
7.42,0,1.0,0.0957,0.4749,0
7.425,1,1.0,1.0659,0.4886,0
7.43,1,1.0,1.0623,0.509,0
7.435,0,1.0,0.082,0.5201,0
7.44,0,1.0,0.0269,0.5003,0
7.445,0,1.0,0.0728,0.4806,0
7.45,1,1.0,1.0551,0.4853,0
7.455,1,1.0,1.1053,0.5067,0
7.46,1,1.0,1.0667,0.5274,0
7.465,0,1.0,0.0669,0.5066,0
7.47,0,1.0,0.11,0.487,0
7.475,1,1.0,1.0554,0.4838,0
7.48,1,1.0,1.0597,0.5046,0
7.485,1,1.0,1.0932,0.5243,0
7.49,0,1.0,0.0885,0.5112,0
7.495,0,1.0,0.0529,0.491,0
7.5,0,1.0,0.0959,0.4718,0
7.505,1,1.0,1.0616,0.4937,0
7.51,1,1.0,1.0776,0.5143,0
7.515,0,1.0,0.0783,0.5179,0
7.52,0,1.0,0.096,0.4979,0
7.525,0,1.0,0.1159,0.4784,0
7.53,1,1.0,1.0791,0.4918,0
7.535,1,1.0,1.0955,0.5122,0
7.54,0,1.0,0.1078,0.5239,0
7.545,0,1.0,0.0856,0.5033,0
7.55,0,1.0,0.0796,0.4832,0
7.555,1,1.0,1.0601,0.4884,0
7.56,1,1.0,1.0982,0.5091,0
7.565,1,1.0,1.0526,0.5288,0
7.57,0,1.0,0.0629,0.508,0
7.575,0,1.0,0.0802,0.4883,0
7.58,1,1.0,1.0672,0.4855,0
7.585,1,1.0,1.127,0.5072,0
7.59,1,1.0,1.098,0.5278,0
7.595,0,1.0,0.0773,0.523,0
7.6,0,1.0,0.1126,0.5027,0
7.605,0,1.0,0.088,0.4827,0
7.61,1,1.0,1.0629,0.5036,0
7.615,1,1.0,1.0565,0.5234,0
7.62,0,1.0,0.1208,0.5268,0
7.625,0,1.0,0.0746,0.5059,0
7.63,0,1.0,0.0868,0.4862,0
7.635,1,1.0,1.0903,0.4993,0
7.64,1,1.0,1.0736,0.5203,0
7.645,0,1.0,0.0803,0.531,0
7.65,0,0.08,0.1083,0.5101,0
7.655,0,0.08,0.0259,0.4902,0
7.66,1,0.08,0.1592,0.4724,0
7.665,1,0.08,0.1976,0.4567,0
7.67,1,0.08,0.1508,0.4409,0
7.675,0,0.08,0.0849,0.4238,0
7.68,0,0.08,0.0908,0.4074,0
7.685,1,0.08,0.1736,0.3924,0
7.69,1,0.08,0.1956,0.3802,0
7.695,1,0.08,0.1802,0.3679,0
7.7,0,0.08,0.1068,0.3545,0
7.705,0,0.08,0.0681,0.3406,0
7.71,0,0.08,0.0778,0.3274,0
7.715,1,0.08,0.1924,0.3172,0
7.72,1,0.08,0.1542,0.3075,0
7.725,0,0.08,0.0796,0.2968,0
7.73,0,0.08,0.0552,0.2857,0
7.735,0,0.08,0.0706,0.2746,0
7.74,0,0.08,0.1246,0.2646,0
7.745,0,0.08,0.0465,0.2547,0
7.75,0,0.08,0.064,0.245,0
7.755,0,0.08,0.0995,0.2359,0
7.76,0,0.08,0.0719,0.2272,0
7.765,0,0.08,0.0315,0.219,0
7.77,0,0.08,0.026,0.2114,0
7.775,0,0.08,0.0779,0.2033,0
7.78,0,0.08,0.0947,0.1958,0
7.785,0,0.08,0.0961,0.1885,0
7.79,0,0.08,0.1089,0.1818,0
7.795,0,0.08,0.1168,0.1762,0
7.8,0,0.08,0.0937,0.1699,0
7.805,0,0.08,0.1082,0.1636,0
7.81,0,0.08,0.1206,0.1576,0
7.815,0,0.08,0.0714,0.1521,0
7.82,0,1.0,0.0772,0.1467,0
7.825,0,1.0,0.0692,0.1411,0
7.83,0,1.0,0.0487,0.1362,1
7.835,0,1.0,0.064,0.1314,1
7.84,0,1.0,0.0704,0.1268,1
7.845,0,1.0,0.067,0.1224,1
7.85,0,1.0,0.0322,0.1182,1
7.855,0,1.0,0.0753,0.1138,1
7.86,0,1.0,0.1227,0.11,1
7.865,0,1.0,0.085,0.106,1
7.87,0,1.0,0.1175,0.103,1
7.875,0,1.0,0.035,0.1002,1
7.88,0,1.0,0.0842,0.0968,1
7.885,0,1.0,0.1031,0.0939,1
7.89,0,1.0,0.0616,0.0906,1
7.895,0,1.0,0.072,0.0882,1
7.9,0,1.0,0.0578,0.0851,1
7.905,0,1.0,0.0931,0.0823,1
7.91,0,1.0,0.0869,0.0792,1
7.915,0,1.0,0.0772,0.0765,1
7.92,0,1.0,0.0998,0.0741,1
7.925,0,1.0,0.087,0.0718,1
7.93,0,1.0,0.0554,0.0697,1
7.935,0,1.0,0.1041,0.0673,1
7.94,0,1.0,0.0963,0.065,1
7.945,0,1.0,0.0797,0.0628,1
7.95,0,1.0,0.0972,0.0616,1
7.955,0,1.0,0.0786,0.0598,1
7.96,0,1.0,0.0746,0.058,1
7.965,0,1.0,0.0785,0.0563,1
7.97,0,1.0,0.0954,0.0547,1
7.975,0,1.0,0.0351,0.0534,1
7.98,0,1.0,0.1262,0.052,1
7.985,0,1.0,0.066,0.0505,1
7.99,0,1.0,0.0919,0.0492,1
7.995,0,1.0,0.0597,0.0482,1
8.0,0,1.0,0.0763,0.0469,1
8.005,0,1.0,0.116,0.0459,1
8.01,0,1.0,0.091,0.0444,1
8.015,0,1.0,0.0299,0.044,1
8.02,0,1.0,0.1104,0.0431,1
8.025,0,1.0,0.0969,0.0427,1
8.03,0,1.0,0.1081,0.0418,1
8.035,0,1.0,0.0443,0.0405,1
8.04,0,1.0,0.096,0.0399,1
8.045,0,1.0,0.0569,0.039,1
8.05,0,1.0,0.0557,0.0381,1
8.055,0,1.0,0.0856,0.0372,1
8.06,0,1.0,0.0729,0.037,1
8.065,0,1.0,0.07,0.0363,1
8.07,0,1.0,0.0788,0.0354,1
8.075,0,1.0,0.0231,0.0349,1
8.08,0,1.0,0.0917,0.0338,1
8.085,0,1.0,0.1055,0.0333,1
8.09,0,1.0,0.0579,0.0326,1
8.095,0,1.0,0.0448,0.0323,1
8.1,0,1.0,0.1107,0.0321,1
8.105,0,1.0,0.1072,0.0317,1
8.11,0,1.0,0.0609,0.0312,1
8.115,0,1.0,0.1028,0.0306,1
8.12,0,1.0,0.0639,0.0301,1
8.125,0,1.0,0.0954,0.0299,1
8.13,0,1.0,0.0731,0.0293,1
8.135,0,1.0,0.0858,0.0288,1
8.14,0,1.0,0.0917,0.0281,1
8.145,0,1.0,0.0449,0.0274,1
8.15,0,1.0,0.0451,0.0272,1
8.155,0,1.0,0.0489,0.0271,1
8.16,0,1.0,0.0975,0.0268,1
8.165,0,1.0,0.0731,0.0267,1
8.17,0,1.0,0.1128,0.0261,1
8.175,0,1.0,0.0957,0.0257,1
8.18,0,1.0,0.115,0.0254,1
8.185,0,1.0,0.1084,0.0252,1
8.19,0,1.0,0.044,0.0247,1
8.195,0,1.0,0.0647,0.0243,1
8.2,0,1.0,0.0792,0.0237,1
8.205,0,1.0,0.0581,0.0234,1
8.21,0,1.0,0.0822,0.0231,1
8.215,0,1.0,0.0869,0.0232,1
8.22,0,1.0,0.0543,0.023,1
8.225,0,1.0,0.1368,0.0231,1
8.23,0,1.0,0.0797,0.0229,1
8.235,0,1.0,0.0867,0.0223,1
8.24,0,1.0,0.0842,0.0219,1
8.245,0,1.0,0.096,0.0218,1
8.25,0,1.0,0.0801,0.0211,1
8.255,0,1.0,0.0729,0.0209,1
8.26,0,1.0,0.0981,0.0207,1
8.265,0,1.0,0.0694,0.0204,1
8.27,0,1.0,0.0825,0.0205,1
8.275,0,1.0,0.0637,0.0203,1
8.28,0,1.0,0.0668,0.02,1
8.285,0,1.0,0.0602,0.0201,1
8.29,0,1.0,0.1084,0.0202,1
8.295,0,1.0,0.0218,0.0207,1
8.3,0,1.0,0.06,0.0206,1
8.305,0,1.0,0.1088,0.021,1
8.31,0,1.0,0.0655,0.021,1
8.315,0,1.0,0.101,0.0209,1
8.32,0,1.0,0.0819,0.0213,1
8.325,0,1.0,0.0607,0.0214,1
8.33,0,1.0,0.115,0.0214,1
8.335,0,1.0,0.0934,0.0215,1
8.34,0,1.0,0.0876,0.0212,1
8.345,1,1.0,1.1081,0.0448,1
8.35,1,1.0,1.079,0.0842,1
8.355,1,1.0,1.0613,0.1223,1
8.36,0,1.0,0.0459,0.1182,1
8.365,0,1.0,0.0853,0.1139,1
8.37,1,1.0,1.0947,0.1263,1
8.375,1,1.0,1.0493,0.1613,1
8.38,1,1.0,1.1129,0.1961,1
8.385,0,1.0,0.0496,0.1974,1
8.39,0,1.0,0.0926,0.1904,1
8.395,1,1.0,1.0414,0.1913,1
8.4,1,1.0,1.095,0.2239,0
8.405,1,1.0,1.0537,0.256,0
8.41,0,1.0,0.0724,0.2623,0
8.415,0,1.0,0.0454,0.2523,0
8.42,0,1.0,0.0948,0.2437,0
8.425,1,1.0,1.0706,0.2665,0
8.43,1,1.0,1.1412,0.2972,0
8.435,0,1.0,0.1243,0.3179,0
8.44,0,1.0,0.0764,0.3056,0
8.445,0,1.0,0.0471,0.2939,0
8.45,1,1.0,1.0696,0.3065,0
8.455,1,1.0,1.0438,0.3355,0
8.46,1,1.0,1.1153,0.3622,0
8.465,0,1.0,0.0643,0.3486,0
8.47,0,1.0,0.1015,0.3351,0
8.475,1,1.0,1.1154,0.3388,0
8.48,1,1.0,1.075,0.3651,0
8.485,1,1.0,1.1028,0.3913,0
8.49,0,1.0,0.0295,0.3846,0
8.495,0,1.0,0.0662,0.37,0
8.5,0,1.0,0.0877,0.3556,0
8.505,1,1.0,1.0552,0.3823,0
8.51,1,1.0,1.0804,0.4082,0
8.515,0,1.0,0.0207,0.4155,0
8.52,0,1.0,0.0451,0.3994,0
8.525,0,1.0,0.0526,0.3836,0
8.53,1,1.0,1.094,0.4009,0
8.535,1,1.0,1.1006,0.4245,0
8.54,0,1.0,0.0702,0.4393,0
8.545,0,1.0,0.0844,0.4224,0
8.55,0,1.0,0.0759,0.4062,0
8.555,1,1.0,1.0533,0.4148,0
8.56,1,1.0,1.0944,0.4389,0
8.565,1,1.0,1.1098,0.4618,0
8.57,0,1.0,0.0358,0.4435,0
8.575,0,1.0,0.0805,0.4264,0
8.58,1,1.0,1.0804,0.4259,0
8.585,1,1.0,1.0671,0.4489,0
8.59,1,1.0,1.1063,0.4715,0
8.595,0,1.0,0.0893,0.4688,0
8.6,0,1.0,0.1233,0.4503,0
8.605,0,1.0,0.0586,0.4334,0
8.61,1,1.0,1.1167,0.4566,0
8.615,1,1.0,1.0837,0.4784,0
8.62,0,1.0,0.0613,0.4833,0
8.625,0,1.0,0.0997,0.4644,0
8.63,0,1.0,0.0647,0.4464,0
8.635,1,1.0,1.1149,0.4615,0
8.64,1,1.0,1.0751,0.483,0
8.645,0,1.0,0.0888,0.4962,0
8.65,0,1.0,0.0731,0.4767,0
8.655,0,1.0,0.0995,0.4583,0
8.66,1,1.0,1.0856,0.4647,0
8.665,1,1.0,1.0675,0.4866,0
8.67,1,1.0,1.0623,0.5068,0
8.675,0,1.0,0.1054,0.4949,0
8.68,0,1.0,0.0611,0.4758,0
8.685,1,1.0,1.0672,0.465,0
8.69,1,1.0,1.1041,0.4873,0
8.695,1,1.0,1.1238,0.5077,0
8.7,0,1.0,0.088,0.5037,0
8.705,0,1.0,0.122,0.4841,0
8.71,0,1.0,0.0773,0.4652,0
8.715,1,1.0,1.0701,0.487,0
8.72,1,1.0,1.0737,0.5081,0
8.725,0,1.0,0.1225,0.5119,0
8.73,0,1.0,0.0644,0.4918,0
8.735,0,1.0,0.0967,0.4728,0
8.74,1,1.0,1.0737,0.4864,0
8.745,1,1.0,1.0355,0.5078,0
8.75,1,1.0,1.0757,0.5276,0
8.755,0,1.0,0.127,0.507,0
8.76,0,1.0,0.0803,0.487,0
8.765,1,1.0,1.0848,0.4842,0
8.77,1,1.0,1.0983,0.5057,0
8.775,1,1.0,1.1091,0.5267,0
8.78,0,1.0,0.1098,0.5143,0
8.785,0,1.0,0.0722,0.4942,0
8.79,1,1.0,1.0216,0.4823,0
8.795,1,1.0,1.105,0.5039,0
8.8,1,1.0,1.0601,0.5241,0
8.805,0,1.0,0.0921,0.5193,0
8.81,0,1.0,0.0709,0.4989,0
8.815,0,1.0,0.1234,0.4792,0
8.82,1,1.0,1.0448,0.5004,0
8.825,1,1.0,1.0946,0.5212,0
8.83,0,1.0,0.0971,0.5245,0
8.835,0,1.0,0.1263,0.5043,0
8.84,0,1.0,0.1144,0.4842,0
8.845,1,1.0,1.062,0.4895,0
8.85,1,1.0,1.0325,0.5094,0
8.855,1,1.0,1.094,0.5292,0
8.86,0,1.0,0.0614,0.5084,0
8.865,0,1.0,0.0304,0.4885,0
8.87,1,1.0,1.1238,0.4853,0
8.875,1,1.0,1.0659,0.5063,0
8.88,1,1.0,1.1036,0.5264,0
8.885,0,1.0,0.0834,0.5134,0
8.89,0,1.0,0.0433,0.4933,0
8.895,1,1.0,1.1228,0.4825,0
8.9,1,1.0,1.0699,0.5035,0
8.905,1,1.0,1.0385,0.5227,0
8.91,0,1.0,0.1034,0.5175,0
8.915,0,1.0,0.0798,0.4967,0
8.92,0,1.0,0.071,0.4778,0
8.925,1,1.0,1.0605,0.4915,0
8.93,1,1.0,1.1113,0.5125,0
8.935,0,1.0,0.0993,0.5242,0
8.94,0,1.0,0.1044,0.5034,0
8.945,0,1.0,0.0959,0.4837,0
8.95,1,1.0,1.0982,0.4886,0
8.955,1,1.0,1.0678,0.5089,0
8.96,1,1.0,1.1007,0.5297,0
8.965,0,1.0,0.104,0.5096,0
8.97,0,1.0,0.0709,0.4899,0
8.975,1,1.0,1.0738,0.4872,0
8.98,1,1.0,1.08,0.5086,0
8.985,1,1.0,1.0888,0.5288,0
8.99,0,1.0,0.0616,0.5153,0
8.995,0,1.0,0.0626,0.4952,0
9.0,0,1.0,0.0927,0.4756,0
9.005,1,1.0,1.0762,0.4969,0
9.01,1,1.0,1.0696,0.5167,0
9.015,0,1.0,0.0573,0.5201,0
9.02,0,1.0,0.0985,0.4996,0
9.025,0,1.0,0.0542,0.4802,0
9.03,1,1.0,1.1312,0.4944,0
9.035,1,1.0,1.0955,0.5148,0
9.04,0,1.0,0.0491,0.5264,0
9.045,0,1.0,0.0778,0.5053,0
9.05,0,1.0,0.1027,0.4856,0
9.055,1,1.0,1.06,0.4908,0
9.06,1,1.0,1.0544,0.5113,0
9.065,1,1.0,1.0791,0.5316,0
9.07,0,1.0,0.0532,0.5107,0
9.075,0,1.0,0.0641,0.4906,0
9.08,1,1.0,1.1209,0.4885,0
9.085,1,1.0,1.092,0.5093,0
9.09,1,1.0,1.1351,0.5302,0
9.095,0,1.0,0.0853,0.5256,0
9.1,0,1.0,0.0126,0.5053,0
9.105,0,1.0,0.0699,0.4855,0
9.11,1,1.0,1.1216,0.5071,0
9.115,1,1.0,1.1313,0.5275,0
9.12,0,1.0,0.1112,0.5305,0
9.125,0,1.0,0.072,0.5097,0
9.13,0,1.0,0.0767,0.4896,0
9.135,0,1.0,0.0761,0.4705,0
9.14,0,1.0,0.1052,0.4522,0
9.145,0,1.0,0.1214,0.4352,0
9.15,0,1.0,0.0541,0.4182,0
9.155,0,1.0,0.0788,0.4019,0
9.16,0,1.0,0.0955,0.3861,0
9.165,0,1.0,0.0201,0.3714,0
9.17,0,1.0,0.071,0.3574,0
9.175,0,1.0,0.0824,0.3436,0
9.18,0,1.0,0.0755,0.3309,0
9.185,0,1.0,0.0756,0.318,0
9.19,0,1.0,0.0623,0.3058,0
9.195,0,1.0,0.1006,0.2945,0
9.2,0,1.0,0.0117,0.2841,0
9.205,0,1.0,0.0644,0.273,0
9.21,0,1.0,0.0464,0.2632,0
9.215,0,1.0,0.0993,0.2533,0
9.22,0,1.0,0.0584,0.2436,0
9.225,0,1.0,0.0548,0.2344,0
9.23,0,1.0,0.0703,0.2259,0
9.235,0,1.0,0.0889,0.217,0
9.24,0,1.0,0.0863,0.2093,0
9.245,0,1.0,0.0855,0.2016,0
9.25,0,1.0,0.0677,0.1941,0
9.255,0,1.0,0.0625,0.1872,0
9.26,0,1.0,0.0565,0.1806,0
9.265,0,1.0,0.1055,0.1748,0
9.27,0,1.0,0.0746,0.1681,0
9.275,0,1.0,0.0249,0.1622,0
9.28,0,1.0,0.095,0.1563,0
9.285,0,1.0,0.051,0.1506,0
9.29,0,1.0,0.0666,0.1456,0
9.295,0,1.0,0.0761,0.1402,0
9.3,0,1.0,0.0332,0.1353,1
9.305,0,1.0,0.0134,0.1311,1
9.31,0,1.0,0.0803,0.1261,1
9.315,0,1.0,0.1017,0.1216,1
9.32,0,1.0,0.0553,0.1177,1
9.325,0,1.0,0.0598,0.1136,1
9.33,0,1.0,0.0981,0.11,1
9.335,0,1.0,0.119,0.1064,1
9.34,0,1.0,0.0419,0.1029,1
9.345,0,1.0,0.112,0.0996,1
9.35,0,1.0,0.0629,0.0964,1
9.355,0,1.0,0.0392,0.0937,1
9.36,0,1.0,0.108,0.0906,1
9.365,0,1.0,0.0722,0.0876,1
9.37,0,1.0,0.0937,0.0844,1
9.375,0,1.0,0.0785,0.0816,1
9.38,0,1.0,0.0724,0.0789,1
9.385,0,1.0,0.0721,0.0761,1
9.39,0,1.0,0.0497,0.074,1
9.395,0,1.0,0.029,0.0718,1
9.4,0,1.0,0.0708,0.0697,1
9.405,0,1.0,0.1269,0.0678,1
9.41,0,1.0,0.0376,0.0659,1
9.415,0,1.0,0.1024,0.064,1
9.42,0,1.0,0.0721,0.0621,1
9.425,0,1.0,0.0266,0.0607,1
9.43,0,1.0,0.0669,0.0585,1
9.435,0,1.0,0.0673,0.0574,1
9.44,0,1.0,0.0185,0.0561,1
9.445,0,1.0,0.0623,0.0543,1
9.45,0,1.0,0.0826,0.0526,1
9.455,0,1.0,0.0393,0.0517,1
9.46,0,1.0,0.0383,0.0505,1
9.465,0,1.0,0.0336,0.0493,1
9.47,0,1.0,0.0699,0.0481,1
9.475,0,1.0,0.0888,0.047,1
9.48,0,1.0,0.0979,0.0457,1
9.485,0,1.0,0.0805,0.0443,1
9.49,0,1.0,0.1039,0.0434,1
9.495,0,1.0,0.0654,0.0424,1
9.5,0,1.0,0.0732,0.0413,1
9.505,0,1.0,0.0611,0.0403,1
9.51,0,1.0,0.0604,0.0395,1
9.515,0,1.0,0.0807,0.0389,1
9.52,0,1.0,0.1044,0.0381,1
9.525,0,1.0,0.0445,0.0373,1
9.53,0,1.0,0.0977,0.0365,1
9.535,0,1.0,0.0883,0.0356,1
9.54,0,1.0,0.0911,0.0349,1
9.545,0,1.0,0.0941,0.034,1
9.55,0,1.0,0.0808,0.033,1
9.555,0,1.0,0.0497,0.0322,1
9.56,0,1.0,0.0881,0.0313,1
9.565,0,1.0,0.0519,0.0314,1
9.57,0,1.0,0.0941,0.031,1
9.575,0,1.0,0.0635,0.0309,1
9.58,0,1.0,0.0893,0.0304,1
9.585,0,1.0,0.0829,0.0297,1
9.59,0,1.0,0.0648,0.0293,1
9.595,0,1.0,0.0751,0.0285,1
9.6,0,1.0,0.1082,0.0285,1
9.605,0,1.0,0.0937,0.0283,1
9.61,0,1.0,0.0937,0.0278,1
9.615,0,1.0,0.0556,0.0275,1
9.62,0,1.0,0.0564,0.0274,1
9.625,0,1.0,0.0427,0.0274,1
9.63,0,1.0,0.0737,0.0274,1
9.635,0,1.0,0.1217,0.027,1
9.64,0,1.0,0.1065,0.0268,1
9.645,0,1.0,0.0901,0.0268,1
9.65,0,1.0,0.076,0.0264,1
9.655,0,1.0,0.1155,0.026,1
9.66,0,1.0,0.0842,0.0258,1
9.665,0,1.0,0.0897,0.0255,1
9.67,0,1.0,0.056,0.0254,1
9.675,0,1.0,0.1254,0.0257,1
9.68,0,1.0,0.0501,0.0253,1
9.685,0,1.0,0.0707,0.0246,1
9.69,0,1.0,0.0903,0.0241,1
9.695,0,1.0,0.0986,0.0236,1
9.7,0,1.0,0.0721,0.023,1
9.705,0,1.0,0.0013,0.0234,1
9.71,0,1.0,0.0854,0.0228,1
9.715,0,1.0,0.1027,0.0232,1
9.72,0,1.0,0.0917,0.0233,1
9.725,0,1.0,0.0831,0.0228,1
9.73,0,1.0,0.0865,0.0229,1
9.735,0,1.0,0.0561,0.0229,1
9.74,1,1.0,1.0691,0.0549,1
9.745,1,1.0,1.1238,0.0942,1
9.75,1,1.0,1.1097,0.1313,1
9.755,0,1.0,0.0868,0.1267,1
9.76,0,1.0,0.1046,0.1222,1
9.765,1,1.0,1.0807,0.1345,1
9.77,1,1.0,1.0835,0.17,1
9.775,1,1.0,1.0859,0.2037,1
9.78,0,1.0,0.0752,0.2039,1
9.785,0,1.0,0.0371,0.1967,1
9.79,1,1.0,1.0581,0.1973,1
9.795,1,1.0,1.0451,0.2301,0
9.8,1,1.0,1.1341,0.2621,0
9.805,0,1.0,0.0686,0.2681,0
9.81,0,1.0,0.0365,0.2583,0
9.815,0,1.0,0.0806,0.2483,0
9.82,1,1.0,1.0899,0.2789,0
9.825,1,1.0,1.0992,0.3081,0
9.83,0,1.0,0.088,0.3203,0
9.835,0,1.0,0.1083,0.3081,0
9.84,0,1.0,0.1084,0.2963,0
9.845,1,1.0,1.0694,0.3089,0
9.85,1,1.0,1.0878,0.3373,0
9.855,1,1.0,1.0938,0.3641,0
9.86,0,1.0,0.0978,0.3506,0
9.865,0,1.0,0.0701,0.3371,0
9.87,1,1.0,1.0903,0.3408,0
9.875,1,1.0,1.1438,0.3683,0
9.88,1,1.0,1.1151,0.3936,0
9.885,0,1.0,0.0346,0.3864,0
9.89,0,1.0,0.0965,0.3714,0
9.895,1,1.0,1.0749,0.3651,0
9.9,1,1.0,1.0794,0.3912,0
9.905,1,1.0,1.0893,0.4153,0
9.91,0,1.0,0.0707,0.4146,0
9.915,0,1.0,0.1066,0.3988,0
9.92,0,1.0,0.0554,0.3838,0
9.925,1,1.0,1.0659,0.4005,0
9.93,1,1.0,1.0523,0.425,0
9.935,0,1.0,0.1053,0.4405,0
9.94,0,1.0,0.0559,0.4233,0
9.945,0,1.0,0.0566,0.4067,0
9.95,1,1.0,1.1494,0.415,0
9.955,1,1.0,1.0758,0.4394,0
9.96,1,1.0,1.0869,0.4625,0
9.965,0,1.0,0.0718,0.4441,0
9.97,0,1.0,0.0917,0.4266,0
9.975,1,1.0,1.0838,0.426,0
9.98,1,1.0,1.0943,0.4494,0
9.985,1,1.0,1.0616,0.4716,0
9.99,0,1.0,0.0882,0.4612,0
9.995,0,1.0,0.0907,0.4434,0
10.0,0,1.0,0.0178,0.4266,0
10.005,1,1.0,1.0614,0.4496,0
10.01,1,1.0,1.1197,0.4726,0
10.015,0,1.0,0.0836,0.4787,0
10.02,0,1.0,0.0922,0.4596,0
10.025,0,1.0,0.1088,0.4422,0
10.03,1,1.0,1.1284,0.4577,0
10.035,1,1.0,1.0858,0.4807,0
10.04,0,1.0,0.0341,0.4939,0
10.045,0,1.0,0.0356,0.4744,0
10.05,0,1.0,0.0423,0.4559,0
10.055,1,1.0,1.1471,0.4629,0
10.06,1,1.0,1.0679,0.485,0
10.065,1,1.0,1.0408,0.506,0
10.07,0,1.0,0.0196,0.4865,0
10.075,0,1.0,-0.0006,0.4679,0
10.08,1,1.0,1.0616,0.4659,0
10.085,1,1.0,1.0437,0.4875,0
10.09,1,1.0,1.0846,0.5089,0
10.095,0,1.0,0.069,0.5058,0
10.1,0,1.0,0.043,0.4864,0
10.105,0,1.0,0.132,0.4674,0
10.11,1,1.0,1.0785,0.4898,0
10.115,1,1.0,1.0992,0.5108,0
10.12,0,1.0,0.0904,0.5145,0
10.125,0,1.0,0.13,0.4948,0
10.13,0,1.0,0.0911,0.4753,0
10.135,1,1.0,1.11,0.4898,0
10.14,1,1.0,1.047,0.5106,0
10.145,0,1.0,0.0863,0.5223,0
10.15,0,1.0,0.0714,0.5019,0
10.155,0,1.0,0.0659,0.4824,0
10.16,1,1.0,1.0505,0.4873,0
10.165,1,1.0,1.0516,0.5084,0
10.17,1,1.0,1.1244,0.529,0
10.175,0,1.0,0.0817,0.5164,0
10.18,0,1.0,0.081,0.4964,0
10.185,1,1.0,1.0506,0.4848,0
10.19,1,1.0,1.0954,0.5066,0
10.195,1,1.0,1.0853,0.5269,0
10.2,0,1.0,0.0874,0.5216,0
10.205,0,1.0,0.0963,0.5012,0
10.21,0,1.0,0.0367,0.4818,0
10.215,1,1.0,1.0773,0.5024,0
10.22,1,1.0,1.1029,0.5229,0
10.225,0,1.0,0.1203,0.5261,0
10.23,0,1.0,0.0813,0.5056,0
10.235,0,1.0,0.1004,0.4859,0
10.24,1,1.0,1.0644,0.4984,0
10.245,1,1.0,1.0419,0.518,0
10.25,1,1.0,1.0875,0.5372,0
10.255,0,1.0,0.0854,0.5162,0
10.26,0,1.0,0.0366,0.496,0
10.265,1,1.0,1.0651,0.4925,0
10.27,1,1.0,1.0463,0.5125,0
10.275,1,1.0,1.0731,0.5317,0
10.28,0,1.0,0.0598,0.5186,0
10.285,0,1.0,0.0252,0.4989,0
10.29,1,1.0,1.0725,0.4876,0
10.295,1,1.0,1.0847,0.5084,0
10.3,1,1.0,1.0762,0.5287,0
10.305,0,1.0,0.0253,0.5237,0
10.31,0,1.0,0.0953,0.5031,0
10.315,0,1.0,0.0705,0.4835,0
10.32,1,1.0,1.0583,0.5049,0
10.325,1,1.0,1.1128,0.5254,0
10.33,0,1.0,0.087,0.5282,0
10.335,0,1.0,0.0653,0.5074,0
10.34,0,1.0,0.0788,0.4875,0
10.345,1,1.0,1.1037,0.493,0
10.35,1,1.0,1.0455,0.5132,0
10.355,1,1.0,1.0782,0.533,0
10.36,0,1.0,0.0766,0.512,0
10.365,0,1.0,0.1031,0.4922,0
10.37,1,1.0,1.102,0.4892,0
10.375,1,1.0,1.0203,0.5097,0
10.38,1,1.0,1.07,0.53,0
10.385,0,1.0,0.0835,0.5173,0
10.39,0,1.0,0.0832,0.4967,0
10.395,1,1.0,1.0474,0.4852,0
10.4,1,1.0,1.0425,0.506,0
10.405,1,1.0,1.054,0.5262,0
10.41,0,1.0,0.07,0.5211,0
10.415,0,1.0,0.0722,0.5003,0
10.42,0,1.0,0.0712,0.4807,0
10.425,1,1.0,1.062,0.493,0
10.43,1,1.0,1.0533,0.5135,0
10.435,0,1.0,0.0755,0.5246,0
10.44,0,1.0,0.0734,0.5041,0
10.445,0,1.0,0.0895,0.4841,0
10.45,1,1.0,1.066,0.4888,0
10.455,1,1.0,1.0883,0.5097,0
10.46,1,1.0,1.1369,0.5303,0
10.465,0,1.0,0.0557,0.5099,0
10.47,0,1.0,0.0365,0.4904,0
10.475,1,1.0,1.0994,0.4877,0
10.48,1,1.0,1.094,0.5091,0
10.485,1,1.0,1.0947,0.5288,0
10.49,0,1.0,0.0969,0.5163,0
10.495,0,1.0,0.0748,0.496,0
10.5,0,1.0,0.1057,0.4768,0
10.505,1,1.0,1.1208,0.4979,0
10.51,1,1.0,1.1,0.5184,0
10.515,0,1.0,0.1064,0.522,0
10.52,0,1.0,0.0961,0.5011,0
10.525,0,1.0,0.0834,0.4813,0
10.53,0,1.0,0.0756,0.4626,0
10.535,0,1.0,0.0736,0.444,0
10.54,0,1.0,0.065,0.4266,0
10.545,0,1.0,0.0673,0.4098,0
10.55,0,1.0,0.0695,0.3938,0
10.555,0,1.0,0.1026,0.3789,0
10.56,0,1.0,0.0577,0.3642,0
10.565,0,1.0,0.116,0.3504,0
10.57,0,1.0,0.101,0.337,0
10.575,0,1.0,0.1152,0.3237,0
10.58,0,1.0,0.0655,0.3116,0
10.585,0,1.0,0.1128,0.2999,0
10.59,0,1.0,0.0866,0.2885,0
10.595,0,1.0,0.0633,0.2773,0
10.6,0,1.0,0.052,0.2667,0
10.605,0,1.0,0.0705,0.2566,0
10.61,0,1.0,0.1163,0.2475,0
10.615,0,1.0,0.0856,0.2379,0
10.62,0,1.0,0.0945,0.2289,0
10.625,0,1.0,0.0338,0.2209,0
10.63,0,1.0,0.0952,0.2124,0
10.635,0,1.0,0.0801,0.2045,0
10.64,0,1.0,0.0893,0.1967,0
10.645,0,1.0,0.0876,0.1894,0
10.65,0,1.0,0.0663,0.1827,0
10.655,0,1.0,0.0912,0.1762,0
10.66,0,1.0,0.0501,0.1699,0
10.665,0,1.0,0.0963,0.1636,0
10.67,0,1.0,0.0977,0.1576,0
10.675,0,1.0,0.0522,0.1519,0
10.68,0,1.0,0.0937,0.1462,0
10.685,0,1.0,0.0816,0.1408,0
10.69,0,1.0,0.0769,0.136,1
10.695,0,1.0,0.0715,0.1314,1
10.7,0,1.0,0.0388,0.1267,1
10.705,0,1.0,0.0937,0.1222,1
10.71,0,1.0,0.1353,0.1184,1
10.715,0,1.0,0.0832,0.1141,1
10.72,0,1.0,0.1084,0.1105,1
10.725,0,1.0,0.1109,0.1071,1
10.73,0,1.0,0.0833,0.1033,1
10.735,0,1.0,0.1399,0.1005,1
10.74,0,1.0,0.0846,0.0966,1
10.745,0,1.0,0.1101,0.0938,1
10.75,0,1.0,0.0851,0.0905,1
10.755,0,1.0,0.1031,0.0877,1
10.76,0,1.0,0.0555,0.0845,1
10.765,0,1.0,0.0896,0.0818,1
10.77,0,1.0,0.074,0.0796,1
10.775,0,1.0,0.0849,0.0771,1
10.78,0,1.0,0.0688,0.0743,1
10.785,0,1.0,0.1314,0.0725,1
10.79,0,1.0,0.0714,0.0702,1
10.795,0,1.0,0.1145,0.0685,1
10.8,0,1.0,0.1164,0.0667,1
10.805,0,1.0,0.0634,0.0647,1
10.81,0,1.0,0.0934,0.063,1
10.815,0,1.0,0.0721,0.061,1
10.82,0,1.0,0.0677,0.0592,1
10.825,0,1.0,0.0676,0.0574,1
10.83,0,1.0,0.0591,0.0561,1
10.835,0,1.0,0.0721,0.0547,1
10.84,0,1.0,0.0652,0.0533,1
10.845,0,1.0,0.0624,0.0517,1
10.85,0,1.0,0.0659,0.0502,1
10.855,0,1.0,0.089,0.0487,1
10.86,0,1.0,0.0886,0.0473,1
10.865,0,1.0,0.0381,0.0462,1
10.87,0,1.0,0.0541,0.0452,1
10.875,0,1.0,0.1017,0.0445,1
10.88,0,1.0,0.0908,0.0431,1
10.885,0,1.0,0.0297,0.0421,1
10.89,0,1.0,0.0784,0.0412,1
10.895,0,1.0,0.0748,0.0403,1
10.9,0,1.0,0.1228,0.0395,1
10.905,0,1.0,0.0602,0.0385,1
10.91,0,1.0,0.0856,0.0372,1
10.915,0,1.0,0.0742,0.0361,1
10.92,0,1.0,0.0792,0.0352,1
10.925,0,1.0,0.0762,0.0347,1
10.93,0,1.0,0.0852,0.0341,1
10.935,0,1.0,0.0905,0.0335,1
10.94,0,1.0,0.0582,0.0328,1
10.945,0,1.0,0.0545,0.0324,1
10.95,0,1.0,0.0949,0.0315,1
10.955,0,1.0,0.0958,0.0309,1
10.96,0,1.0,0.0403,0.0303,1
10.965,0,1.0,0.0601,0.0306,1
10.97,0,1.0,0.0869,0.0301,1
10.975,0,1.0,0.0464,0.0298,1
10.98,0,1.0,0.0971,0.0293,1
10.985,0,1.0,0.0723,0.0287,1
10.99,0,1.0,0.1078,0.0286,1
10.995,0,1.0,0.0325,0.0287,1
11.0,0,1.0,0.0732,0.0287,1
11.005,0,1.0,0.0649,0.0283,1
11.01,0,1.0,0.0789,0.028,1
11.015,0,1.0,0.1012,0.0276,1
11.02,0,1.0,0.1128,0.028,1
11.025,0,1.0,0.1222,0.0279,1
11.03,0,1.0,0.1151,0.028,1
11.035,0,1.0,0.0919,0.0273,1
11.04,0,1.0,0.1094,0.0272,1
11.045,0,1.0,0.1013,0.0267,1
11.05,0,1.0,0.0452,0.027,1
11.055,0,1.0,0.0753,0.0266,1
11.06,0,1.0,0.0728,0.0265,1
11.065,0,1.0,0.0663,0.0259,1
11.07,0,1.0,0.0812,0.0256,1
11.075,0,1.0,0.0524,0.0251,1
11.08,0,1.0,0.0864,0.0248,1
11.085,0,1.0,0.0638,0.0245,1
11.09,0,1.0,0.0629,0.0241,1
11.095,0,1.0,0.1049,0.0237,1
11.1,0,1.0,0.0764,0.0233,1
11.105,0,1.0,0.06,0.0228,1
11.11,0,1.0,0.092,0.0227,1
11.115,0,1.0,0.0884,0.0225,1
11.12,0,1.0,0.0235,0.0464,1
11.125,0,1.0,0.069,0.0451,1
11.13,0,1.0,0.0495,0.044,1
11.135,1,1.0,1.102,0.0759,1
11.14,1,1.0,1.0882,0.114,1
11.145,0,1.0,0.0994,0.1421,1
11.15,0,1.0,0.0744,0.1368,1
11.155,0,1.0,0.0774,0.1314,1
11.16,1,1.0,1.0765,0.1509,1
11.165,1,1.0,1.0778,0.1858,1
11.17,1,1.0,1.0615,0.2191,1
11.175,0,1.0,0.0702,0.2189,0
11.18,0,1.0,0.0493,0.2109,0
11.185,1,1.0,1.0766,0.211,0
11.19,1,1.0,1.0638,0.2427,0
11.195,1,1.0,1.0551,0.2733,0
11.2,0,1.0,0.0833,0.2791,0
11.205,0,1.0,0.1105,0.2687,0
11.21,0,1.0,0.0621,0.2586,0
11.215,1,1.0,1.0861,0.2884,0
11.22,1,1.0,1.0583,0.3169,0
11.225,0,1.0,0.07,0.3276,0
11.23,0,1.0,0.1092,0.3149,0
11.235,0,1.0,0.0914,0.3028,0
11.24,1,1.0,1.0835,0.3231,0
11.245,1,1.0,1.1102,0.3513,0
11.25,1,1.0,1.0731,0.3772,0
11.255,0,1.0,0.0688,0.3627,0
11.26,0,1.0,0.0447,0.3488,0
11.265,1,1.0,1.0641,0.3514,0
11.27,1,1.0,1.0765,0.3781,0
11.275,1,1.0,1.0696,0.4032,0
11.28,0,1.0,0.0464,0.3958,0
11.285,0,1.0,0.084,0.3805,0
11.29,1,1.0,1.097,0.3742,0
11.295,1,1.0,1.0793,0.4,0
11.3,1,1.0,1.0891,0.4241,0
11.305,0,1.0,0.0584,0.4235,0
11.31,0,1.0,0.0685,0.4068,0
11.315,0,1.0,0.0672,0.3911,0
11.32,1,1.0,1.0784,0.4166,0
11.325,1,1.0,1.1273,0.4409,0
11.33,0,1.0,0.07,0.4471,0
11.335,0,1.0,0.1004,0.4297,0
11.34,0,1.0,0.0526,0.4132,0
11.345,1,1.0,1.0454,0.4205,0
11.35,1,1.0,1.0992,0.445,0
11.355,1,1.0,1.0968,0.4682,0
11.36,0,1.0,0.106,0.4501,0
11.365,0,1.0,0.0614,0.4325,0
11.37,1,1.0,1.0513,0.4319,0
11.375,1,1.0,1.0963,0.4552,0
11.38,1,1.0,1.0873,0.477,0
11.385,0,1.0,0.08,0.4656,0
11.39,0,1.0,0.0615,0.4476,0
11.395,1,1.0,1.09,0.4382,0
11.4,1,1.0,1.0531,0.4613,0
11.405,1,1.0,1.0416,0.483,0
11.41,0,1.0,0.0902,0.4799,0
11.415,0,1.0,0.0833,0.4612,0
11.42,0,1.0,0.0785,0.4428,0
11.425,1,1.0,1.0763,0.4579,0
11.43,1,1.0,1.1024,0.4799,0
11.435,0,1.0,0.0745,0.4928,0
11.44,0,1.0,0.0922,0.4734,0
11.445,0,1.0,0.0898,0.4546,0
11.45,1,1.0,1.0928,0.4612,0
11.455,1,1.0,1.095,0.4832,0
11.46,1,1.0,1.0891,0.5046,0
11.465,0,1.0,0.0404,0.4854,0
11.47,0,1.0,0.0918,0.4662,0
11.475,1,1.0,1.0109,0.4637,0
11.48,1,1.0,1.0865,0.4852,0
11.485,1,1.0,1.0928,0.5059,0
11.49,0,1.0,0.0721,0.4939,0
11.495,0,1.0,0.0835,0.4746,0
11.5,0,1.0,0.0702,0.4557,0
11.505,1,1.0,1.0937,0.4782,0
11.51,1,1.0,1.018,0.4993,0
11.515,0,1.0,0.0266,0.5041,0
11.52,0,1.0,0.0879,0.4851,0
11.525,0,1.0,0.0561,0.4665,0
11.53,1,1.0,1.0919,0.4803,0
11.535,1,1.0,1.1108,0.5016,0
11.54,0,1.0,0.1024,0.5134,0
11.545,0,1.0,0.0647,0.4934,0
11.55,0,1.0,0.0961,0.4738,0
11.555,1,1.0,1.0567,0.4795,0
11.56,1,1.0,1.0936,0.5013,0
11.565,1,1.0,1.0652,0.522,0
11.57,0,1.0,0.0591,0.5017,0
11.575,0,1.0,0.0861,0.4822,0
11.58,1,1.0,1.0349,0.4797,0
11.585,1,1.0,1.0831,0.5014,0
11.59,1,1.0,1.0941,0.5213,0
11.595,0,1.0,0.0776,0.5167,0
11.6,0,1.0,0.0499,0.4965,0
11.605,0,1.0,0.1203,0.4769,0
11.61,1,1.0,1.052,0.4975,0
11.615,1,1.0,1.0625,0.5176,0
11.62,0,1.0,0.0811,0.5217,0
11.625,0,1.0,0.0726,0.5016,0
11.63,0,1.0,0.0464,0.482,0
11.635,1,1.0,1.0911,0.4951,0
11.64,1,1.0,1.0325,0.5148,0
11.645,0,1.0,0.1215,0.5268,0
11.65,0,1.0,0.082,0.5061,0
11.655,0,1.0,0.039,0.4861,0
11.66,1,1.0,1.0785,0.4913,0
11.665,1,1.0,1.0486,0.5111,0
11.67,1,1.0,1.0974,0.5316,0
11.675,0,1.0,0.1012,0.5185,0
11.68,0,1.0,0.0856,0.4982,0
11.685,1,1.0,1.0579,0.4867,0
11.69,1,1.0,1.1012,0.5077,0
11.695,1,1.0,1.109,0.5277,0
11.7,0,1.0,0.0935,0.5233,0
11.705,0,1.0,0.0681,0.5026,0
11.71,0,1.0,0.0976,0.4829,0
11.715,1,1.0,1.114,0.5039,0
11.72,1,1.0,1.0372,0.5242,0
11.725,0,1.0,0.0527,0.5273,0
11.73,0,1.0,0.088,0.5063,0
11.735,0,1.0,0.0602,0.4862,0
11.74,1,1.0,1.0559,0.4988,0
11.745,1,1.0,1.0998,0.5191,0
11.75,1,1.0,1.0453,0.5384,0
11.755,0,1.0,0.0636,0.5172,0
11.76,0,1.0,0.0893,0.4971,0
11.765,1,1.0,1.0607,0.4941,0
11.77,1,1.0,1.0783,0.5144,0
11.775,1,1.0,1.0993,0.5342,0
11.78,0,1.0,0.0621,0.5209,0
11.785,0,1.0,0.0624,0.5005,0
11.79,1,0.08,0.1705,0.4817,0
11.795,1,0.08,0.1723,0.4655,0
11.8,1,0.08,0.1528,0.4492,0
11.805,0,0.08,0.088,0.433,0
11.81,0,0.08,0.0879,0.4159,0
11.815,0,0.08,0.0694,0.4,0
11.82,1,0.08,0.1664,0.3866,0
11.825,1,0.08,0.2023,0.3744,0
11.83,0,0.08,0.0493,0.3617,0
11.835,0,0.08,0.0856,0.3478,0
11.84,0,0.08,0.0564,0.3346,0
11.845,1,0.08,0.1306,0.3234,0
11.85,1,0.08,0.1579,0.3136,0
11.855,1,0.08,0.1376,0.3041,0
11.86,0,0.08,0.0896,0.2925,0
11.865,0,0.08,0.1139,0.2814,0
11.87,1,0.08,0.1459,0.2712,0
11.875,1,0.08,0.1522,0.2636,0
11.88,1,0.08,0.1297,0.2555,0
11.885,0,0.08,0.0984,0.2469,0
11.89,0,0.08,0.0857,0.2375,0
11.895,1,0.08,0.1784,0.229,0
11.9,1,0.08,0.1526,0.2232,0
11.905,1,0.08,0.1506,0.2169,0
11.91,0,0.08,0.0913,0.2088,0
11.915,0,0.08,0.0966,0.2009,0
11.92,0,0.08,0.1105,0.1937,0
11.925,0,0.08,0.0904,0.1866,0
11.93,0,0.08,0.1116,0.18,0
11.935,0,0.08,0.0851,0.1735,0
11.94,0,0.08,0.1116,0.1679,0
11.945,0,0.08,0.1037,0.1617,0
11.95,0,0.08,0.0629,0.1562,0
11.955,0,1.0,0.0631,0.1505,0
11.96,0,1.0,0.0833,0.1447,0
11.965,0,1.0,0.0733,0.1395,1
11.97,0,1.0,0.0546,0.135,1
11.975,0,1.0,0.1208,0.1305,1
11.98,0,1.0,0.0789,0.1259,1
11.985,0,1.0,0.1122,0.122,1
11.99,0,1.0,0.0696,0.1177,1
11.995,0,1.0,0.0485,0.1138,1
12.0,0,1.0,0.1111,0.1097,1
12.005,0,1.0,0.1046,0.1057,1
12.01,0,1.0,0.1119,0.1023,1
12.015,0,1.0,0.05,0.099,1
12.02,0,1.0,0.051,0.0957,1
12.025,0,1.0,0.1151,0.0927,1
12.03,0,1.0,0.1097,0.0899,1
12.035,0,1.0,0.0537,0.0874,1
12.04,0,1.0,0.1092,0.0847,1
12.045,0,1.0,0.103,0.0819,1
12.05,0,1.0,0.0703,0.0789,1
12.055,0,1.0,0.073,0.0763,1
12.06,0,1.0,0.0781,0.074,1
12.065,0,1.0,0.0896,0.0717,1
12.07,0,1.0,0.078,0.0698,1
12.075,0,1.0,0.1189,0.0687,1
12.08,0,1.0,0.0896,0.0667,1
12.085,0,1.0,0.1099,0.0646,1
12.09,0,1.0,0.0942,0.0629,1
12.095,0,1.0,0.0179,0.0619,1
12.1,0,1.0,0.0735,0.0603,1
12.105,0,1.0,0.0915,0.0585,1
12.11,0,1.0,0.0864,0.0564,1
12.115,0,1.0,0.0798,0.0552,1
12.12,0,1.0,0.0578,0.0536,1
12.125,0,1.0,0.1098,0.0521,1
12.13,0,1.0,0.1028,0.0512,1
12.135,0,1.0,0.059,0.0496,1
12.14,0,1.0,0.088,0.0487,1
12.145,0,1.0,0.1071,0.0481,1
12.15,0,1.0,0.0671,0.0472,1
12.155,0,1.0,0.0715,0.046,1
12.16,0,1.0,0.1289,0.0455,1
12.165,0,1.0,0.0729,0.0438,1
12.17,0,1.0,0.0655,0.0433,1
12.175,0,1.0,0.0396,0.0425,1
12.18,0,1.0,0.1099,0.0415,1
12.185,0,1.0,0.0939,0.0406,1
12.19,0,1.0,0.079,0.0391,1
12.195,0,1.0,0.0943,0.0386,1
12.2,0,1.0,0.0601,0.0384,1
12.205,0,1.0,0.0945,0.0379,1
12.21,0,1.0,0.0978,0.037,1
12.215,0,1.0,0.1062,0.036,1
12.22,0,1.0,0.1056,0.0353,1
12.225,0,1.0,0.097,0.0348,1
12.23,0,1.0,0.0597,0.0339,1
12.235,0,1.0,0.0697,0.0337,1
12.24,0,1.0,0.0497,0.0333,1
12.245,0,1.0,0.0788,0.0328,1
12.25,0,1.0,0.0877,0.032,1
12.255,0,1.0,0.1081,0.0318,1
12.26,0,1.0,0.0354,0.0315,1
12.265,0,1.0,0.0848,0.0306,1
12.27,0,1.0,0.1424,0.0317,1
12.275,0,1.0,0.0557,0.0315,1
12.28,0,1.0,0.0181,0.0316,1
12.285,0,1.0,0.1209,0.0318,1
12.29,0,1.0,0.0402,0.0312,1
12.295,0,1.0,0.1146,0.0307,1
12.3,0,1.0,0.0892,0.0305,1
12.305,0,1.0,0.0821,0.0302,1
12.31,0,1.0,0.0511,0.0298,1
12.315,0,1.0,0.0983,0.0296,1
12.32,0,1.0,0.0841,0.0292,1
12.325,0,1.0,0.124,0.0289,1
12.33,0,1.0,0.0889,0.0282,1
12.335,0,1.0,0.0241,0.0284,1
12.34,0,1.0,0.0426,0.0281,1
12.345,0,1.0,0.0807,0.0275,1
12.35,0,1.0,0.0826,0.0271,1
12.355,0,1.0,0.0726,0.0269,1
12.36,0,1.0,0.0501,0.0267,1
12.365,0,1.0,0.0622,0.0266,1
12.37,0,1.0,0.0765,0.0263,1
12.375,0,1.0,0.0883,0.0261,1
12.38,0,1.0,0.0749,0.0256,1
12.385,0,1.0,0.0323,0.0253,1
12.39,0,1.0,0.0788,0.0248,1
12.395,0,1.0,0.0939,0.025,1
12.4,0,1.0,0.0722,0.0249,1
12.405,0,1.0,0.0864,0.0249,1
12.41,0,1.0,0.1275,0.025,1
12.415,0,1.0,0.0858,0.0244,1
12.42,0,1.0,0.1033,0.0245,1
12.425,0,1.0,0.0438,0.0241,1
12.43,0,1.0,0.0503,0.0236,1
12.435,0,1.0,0.1237,0.0237,1
12.44,0,1.0,0.1008,0.0237,1
12.445,0,1.0,0.1031,0.0239,1
12.45,0,1.0,0.1206,0.0238,1
12.455,0,1.0,0.0863,0.0234,1
12.46,0,1.0,0.0998,0.023,1
12.465,0,1.0,0.0602,0.0229,1
12.47,0,1.0,0.0835,0.0227,1
12.475,0,1.0,0.0757,0.0223,1
12.48,0,1.0,0.071,0.0222,1
12.485,0,1.0,0.059,0.0219,1
12.49,0,1.0,0.1045,0.0219,1
12.495,0,1.0,0.0763,0.0224,1
12.5,0,1.0,0.0662,0.022,1
12.505,0,1.0,0.0824,0.0216,1
12.51,1,1.0,1.0817,0.0618,1
12.515,0,1.0,0.0492,0.0835,1
12.52,0,1.0,0.0808,0.0807,1
12.525,0,1.0,0.1113,0.078,1
12.53,1,1.0,1.0638,0.1072,1
12.535,1,1.0,1.0729,0.1445,1
12.54,0,1.0,0.0954,0.1711,1
12.545,0,1.0,0.0733,0.1646,1
12.55,0,1.0,0.0889,0.1585,1
12.555,1,1.0,1.0607,0.1764,1
12.56,1,1.0,1.0931,0.2103,1
12.565,1,1.0,1.0361,0.2417,0
12.57,0,1.0,0.105,0.2326,0
12.575,0,1.0,0.0824,0.2235,0
12.58,1,1.0,1.0758,0.2316,0
12.585,1,1.0,1.1179,0.2629,0
12.59,1,1.0,1.0767,0.2931,0
12.595,0,1.0,0.0914,0.2974,0
12.6,0,1.0,0.0972,0.286,0
12.605,0,1.0,0.0482,0.2751,0
12.61,1,1.0,1.1077,0.3053,0
12.615,1,1.0,1.069,0.3332,0
12.62,0,1.0,0.1213,0.3447,0
12.625,0,1.0,0.0652,0.3318,0
12.63,0,1.0,0.1155,0.3196,0
12.635,1,1.0,1.0633,0.3394,0
12.64,1,1.0,1.0807,0.3656,0
12.645,0,1.0,0.0885,0.383,0
12.65,0,1.0,0.0362,0.3682,0
12.655,0,1.0,0.1048,0.3537,0
12.66,1,1.0,1.066,0.3643,0
12.665,1,1.0,1.0906,0.3901,0
12.67,1,1.0,1.0481,0.4139,0
12.675,0,1.0,0.0677,0.406,0
12.68,0,1.0,0.0836,0.3902,0
12.685,1,1.0,1.0492,0.3829,0
12.69,1,1.0,1.0252,0.4074,0
12.695,1,1.0,1.0649,0.431,0
12.7,0,1.0,0.1183,0.43,0
12.705,0,1.0,0.0605,0.4134,0
12.71,0,1.0,0.0769,0.3972,0
12.715,1,1.0,1.0664,0.4216,0
12.72,1,1.0,1.0906,0.4448,0
12.725,0,1.0,0.09,0.451,0
12.73,0,1.0,0.0752,0.4333,0
12.735,0,1.0,0.0696,0.4165,0
12.74,1,1.0,1.0776,0.4324,0
12.745,1,1.0,1.0639,0.4551,0
12.75,1,1.0,1.0736,0.4771,0
12.755,0,1.0,0.0515,0.4586,0
12.76,0,1.0,0.121,0.4409,0
12.765,1,1.0,1.0677,0.4399,0
12.77,1,1.0,1.0926,0.463,0
12.775,1,1.0,1.0582,0.4837,0
12.78,0,1.0,0.086,0.4719,0
12.785,0,1.0,0.1234,0.454,0
12.79,1,1.0,1.0575,0.4442,0
12.795,1,1.0,1.0729,0.4672,0
12.8,1,1.0,1.041,0.4883,0
12.805,0,1.0,0.0667,0.485,0
12.81,0,1.0,0.0613,0.4664,0
12.815,0,1.0,0.1042,0.4489,0
12.82,1,1.0,1.0537,0.4714,0
12.825,1,1.0,1.0968,0.4925,0
12.83,0,1.0,0.0348,0.4972,0
12.835,0,1.0,0.09,0.4781,0
12.84,0,1.0,0.0994,0.4593,0
12.845,1,1.0,1.0985,0.4653,0
12.85,1,1.0,1.0537,0.4869,0
12.855,1,1.0,1.0407,0.5071,0
12.86,0,1.0,0.0711,0.4869,0
12.865,0,1.0,0.0993,0.4677,0
12.87,1,1.0,1.0933,0.4655,0
12.875,1,1.0,1.1378,0.4884,0
12.88,1,1.0,1.0807,0.5092,0
12.885,0,1.0,0.0819,0.4972,0
12.89,0,1.0,0.1047,0.4784,0
12.895,1,1.0,1.0701,0.4675,0
12.9,1,1.0,1.0792,0.4891,0
12.905,1,1.0,1.0706,0.51,0
12.91,0,1.0,0.0595,0.5055,0
12.915,0,1.0,0.0797,0.4855,0
12.92,0,1.0,0.0656,0.4665,0
12.925,1,1.0,1.0438,0.4806,0
12.93,1,1.0,1.0971,0.5022,0
12.935,0,1.0,0.0642,0.5148,0
12.94,0,1.0,0.0643,0.4943,0
12.945,0,1.0,0.0588,0.4757,0
12.95,1,1.0,1.064,0.481,0
12.955,1,1.0,1.086,0.5023,0
12.96,1,1.0,1.0439,0.5218,0
12.965,0,1.0,0.0701,0.5016,0
12.97,0,1.0,0.1202,0.4817,0
12.975,1,1.0,1.0762,0.4793,0
12.98,1,1.0,1.0877,0.5007,0
12.985,1,1.0,1.073,0.5212,0
12.99,0,1.0,0.0893,0.5084,0
12.995,0,1.0,0.0599,0.4886,0
13.0,0,1.0,0.0498,0.4694,0
13.005,1,1.0,1.115,0.4914,0
13.01,1,1.0,1.1147,0.5122,0
13.015,0,1.0,0.0526,0.5161,0
13.02,0,1.0,0.0561,0.4959,0
13.025,0,1.0,0.0753,0.4763,0
13.03,1,1.0,1.0197,0.4897,0
13.035,1,1.0,1.0404,0.5094,0
13.04,0,1.0,0.1025,0.5209,0
13.045,0,1.0,0.0905,0.5005,0
13.05,0,1.0,0.0123,0.4812,0
13.055,1,1.0,1.0798,0.486,0
13.06,1,1.0,1.0945,0.5069,0
13.065,1,1.0,1.1324,0.5272,0
13.07,0,1.0,0.0753,0.5067,0
13.075,0,1.0,0.0858,0.4867,0
13.08,1,1.0,1.0826,0.4842,0
13.085,1,1.0,1.0915,0.5044,0
13.09,1,1.0,1.1183,0.5248,0
13.095,0,1.0,0.0687,0.5198,0
13.1,0,1.0,0.0849,0.4991,0
13.105,0,1.0,0.1097,0.4798,0
13.11,1,1.0,1.0865,0.5009,0
13.115,1,1.0,1.0308,0.5204,0
13.12,0,1.0,0.0669,0.5233,0
13.125,0,1.0,0.0468,0.5028,0
13.13,0,1.0,0.0877,0.4827,0
13.135,1,1.0,1.0538,0.4957,0
13.14,1,1.0,1.1114,0.517,0
13.145,0,1.0,0.0469,0.5286,0
13.15,0,1.0,0.0335,0.508,0
13.155,0,1.0,0.1007,0.4882,0
13.16,1,1.0,1.0587,0.493,0
13.165,1,1.0,1.0918,0.5129,0
13.17,1,1.0,1.0619,0.5321,0
13.175,0,1.0,0.0653,0.5197,0
13.18,0,1.0,0.0942,0.4994,0
13.185,1,1.0,1.1159,0.4883,0
13.19,1,1.0,1.0632,0.509,0
13.195,1,1.0,1.0842,0.5294,0
13.2,0,1.0,0.0752,0.5245,0
13.205,0,1.0,0.0532,0.5043,0
13.21,0,1.0,0.0843,0.4842,0
13.215,1,1.0,1.0354,0.5048,0
13.22,1,1.0,1.0751,0.5246,0
13.225,0,1.0,0.0912,0.5277,0
13.23,0,1.0,0.0997,0.507,0
13.235,0,1.0,0.0891,0.4868,0
13.24,1,1.0,1.0768,0.5,0
13.245,1,1.0,1.0593,0.5199,0
13.25,1,1.0,1.0701,0.5399,0
13.255,0,1.0,0.0911,0.5189,0
13.26,0,1.0,0.1092,0.4986,0
13.265,1,1.0,1.0979,0.4953,0
13.27,1,1.0,1.1017,0.5169,0
13.275,1,1.0,1.0927,0.5367,0
13.28,0,1.0,0.0633,0.5235,0
13.285,0,1.0,0.074,0.5031,0
13.29,1,1.0,1.0785,0.4919,0
13.295,0,1.0,0.0741,0.5039,0
13.3,0,1.0,0.0893,0.4844,0
13.305,0,1.0,0.0624,0.4652,0
13.31,0,1.0,0.0229,0.4476,0
13.315,0,1.0,0.078,0.43,0
13.32,0,1.0,0.081,0.4128,0
13.325,0,1.0,0.0706,0.3968,0
13.33,0,1.0,0.0802,0.381,0
13.335,0,1.0,0.0818,0.3657,0
13.34,0,1.0,0.0959,0.3515,0
13.345,0,1.0,0.0737,0.3374,0
13.35,0,1.0,0.054,0.3246,0
13.355,0,1.0,0.0419,0.3123,0
13.36,0,1.0,0.0764,0.3003,0
13.365,0,1.0,0.0636,0.2892,0
13.37,0,1.0,0.1077,0.2783,0
13.375,0,1.0,0.092,0.2676,0
13.38,0,1.0,0.0834,0.257,0
13.385,0,1.0,0.092,0.2469,0
13.39,0,1.0,0.059,0.2374,0
13.395,0,1.0,0.0426,0.2283,0
13.4,0,1.0,0.0853,0.2194,0
13.405,0,1.0,0.0548,0.2119,0
13.41,0,1.0,0.0711,0.2039,0
13.415,0,1.0,0.007,0.1969,0
13.42,0,1.0,0.1091,0.1897,0
13.425,0,1.0,0.1124,0.1826,0
13.43,0,1.0,0.0976,0.1765,0
13.435,0,1.0,0.084,0.1704,0
13.44,0,1.0,0.0712,0.164,0
13.445,0,1.0,0.0979,0.1582,0
13.45,0,1.0,0.0798,0.1521,0
13.455,0,1.0,0.1017,0.1466,0
13.46,0,1.0,0.0665,0.1412,0
13.465,0,1.0,0.0224,0.1364,1
13.47,0,1.0,0.0668,0.1321,1
13.475,0,1.0,0.0883,0.1274,1
13.48,0,1.0,0.0878,0.1227,1
13.485,0,1.0,0.1201,0.119,1
13.49,0,1.0,0.0893,0.1145,1
13.495,0,1.0,0.0729,0.1106,1
13.5,0,1.0,0.0952,0.107,1
13.505,0,1.0,0.0489,0.1038,1
13.51,0,1.0,0.1313,0.1008,1
13.515,0,1.0,0.0544,0.098,1
13.52,0,1.0,0.1371,0.095,1
13.525,0,1.0,0.099,0.0921,1
13.53,0,1.0,0.0918,0.0893,1
13.535,0,1.0,0.038,0.0867,1
13.54,0,1.0,0.047,0.0841,1
13.545,0,1.0,0.0911,0.0816,1
13.55,0,1.0,0.0515,0.0791,1
13.555,0,1.0,0.0681,0.0764,1
13.56,0,1.0,0.0709,0.0739,1
13.565,0,1.0,0.0137,0.0723,1
13.57,0,1.0,0.0745,0.0698,1
13.575,0,1.0,0.0829,0.0672,1
13.58,0,1.0,0.0747,0.0651,1
13.585,0,1.0,0.0758,0.063,1
13.59,0,1.0,0.0885,0.0609,1
13.595,0,1.0,0.0875,0.059,1
13.6,0,1.0,0.0722,0.0572,1
13.605,0,1.0,0.0545,0.0555,1
13.61,0,1.0,0.0667,0.0544,1
13.615,0,1.0,0.1059,0.0529,1
13.62,0,1.0,0.0627,0.0514,1
13.625,0,1.0,0.0883,0.0501,1
13.63,0,1.0,0.1091,0.0491,1
13.635,0,1.0,0.1445,0.048,1
13.64,0,1.0,0.0617,0.0472,1
13.645,0,1.0,0.1187,0.0463,1
13.65,0,1.0,0.063,0.0453,1
13.655,0,1.0,0.0604,0.0443,1
13.66,0,1.0,0.0507,0.0435,1
13.665,0,1.0,0.0827,0.0428,1
13.67,0,1.0,0.0997,0.042,1
13.675,0,1.0,0.0732,0.0409,1
13.68,0,1.0,0.1051,0.04,1
13.685,0,1.0,0.092,0.0389,1
13.69,0,1.0,0.0777,0.038,1
13.695,0,1.0,0.0525,0.0373,1
13.7,0,1.0,0.0893,0.0362,1
13.705,0,1.0,0.0509,0.0355,1
13.71,0,1.0,0.0838,0.0347,1
13.715,0,1.0,0.0572,0.034,1
13.72,0,1.0,0.0974,0.0333,1
13.725,0,1.0,0.1047,0.0325,1
13.73,0,1.0,0.0676,0.0316,1
13.735,0,1.0,0.0788,0.0309,1
13.74,0,1.0,0.0752,0.0304,1
13.745,0,1.0,0.0811,0.0298,1
13.75,0,1.0,0.0906,0.0292,1
13.755,0,1.0,0.0411,0.0288,1
13.76,0,1.0,0.0813,0.0284,1
13.765,0,1.0,0.0597,0.0279,1
13.77,0,1.0,0.0625,0.0273,1
13.775,0,1.0,0.0596,0.0265,1
13.78,0,1.0,0.1022,0.026,1
13.785,0,1.0,0.0944,0.0259,1
13.79,0,1.0,0.0966,0.0256,1
13.795,0,1.0,0.0507,0.0258,1
13.8,0,1.0,0.0793,0.0253,1
13.805,0,1.0,0.0926,0.0249,1
13.81,0,1.0,0.0611,0.0244,1
13.815,0,1.0,0.051,0.0245,1
13.82,0,1.0,0.0794,0.0239,1
13.825,0,1.0,0.0932,0.0241,1
13.83,0,1.0,0.0542,0.0241,1
13.835,0,1.0,0.0437,0.0239,1
13.84,0,1.0,0.092,0.0235,1
13.845,0,1.0,0.0962,0.023,1
13.85,0,1.0,0.0907,0.0225,1
13.855,0,1.0,0.0689,0.0224,1
13.86,0,1.0,0.0548,0.0223,1
13.865,0,1.0,0.0723,0.0221,1
13.87,0,1.0,0.0647,0.0221,1
13.875,0,1.0,0.0628,0.0218,1
13.88,0,1.0,0.104,0.0218,1
13.885,0,1.0,0.0663,0.0214,1
13.89,0,1.0,0.1048,0.0211,1
13.895,1,1.0,1.0948,0.029,1
13.9,1,1.0,1.0569,0.068,1
13.905,1,1.0,1.0648,0.1057,1
13.91,0,1.0,0.0722,0.1178,1
13.915,0,1.0,0.0925,0.1138,1
13.92,0,1.0,0.0674,0.1098,1
13.925,1,1.0,1.0613,0.1378,1
13.93,1,1.0,1.0636,0.1725,1
13.935,0,1.0,0.1075,0.1984,1
13.94,0,1.0,0.0581,0.191,1
13.945,0,1.0,0.0863,0.184,1
13.95,1,1.0,1.0635,0.2012,1
13.955,1,1.0,1.0968,0.2337,0
13.96,1,1.0,1.1122,0.2652,0
13.965,0,1.0,0.0573,0.2551,0
13.97,0,1.0,0.1037,0.2458,0
13.975,1,1.0,1.0993,0.2529,0
13.98,1,1.0,1.0473,0.2833,0
13.985,1,1.0,1.1156,0.312,0
13.99,0,1.0,0.0421,0.3083,0
13.995,0,1.0,0.091,0.2965,0
14.0,0,1.0,0.0648,0.2851,0
14.005,1,1.0,1.0931,0.3145,0
14.01,1,1.0,1.0826,0.3421,0
14.015,0,1.0,0.0673,0.353,0
14.02,0,1.0,0.0581,0.3397,0
14.025,0,1.0,0.1185,0.3269,0
14.03,1,1.0,1.0579,0.3461,0
14.035,1,1.0,1.0372,0.3728,0
14.04,0,1.0,0.0394,0.3903,0
14.045,0,1.0,0.0903,0.3757,0
14.05,0,1.0,0.0944,0.3609,0
14.055,1,1.0,1.1077,0.3706,0
14.06,1,1.0,1.0785,0.3962,0
14.065,1,1.0,1.0282,0.4204,0
14.07,0,1.0,0.0397,0.4049,0
14.075,0,1.0,0.1209,0.3893,0
14.08,1,1.0,1.0919,0.3907,0
14.085,1,1.0,1.1199,0.4159,0
14.09,1,1.0,1.0597,0.4395,0
14.095,0,1.0,0.1161,0.4378,0
14.1,0,1.0,0.0598,0.4211,0
14.105,0,1.0,0.0929,0.4044,0
14.11,1,1.0,1.099,0.4283,0
14.115,1,1.0,1.0641,0.4508,0
14.12,0,1.0,0.104,0.4572,0
14.125,0,1.0,0.1174,0.4399,0
14.13,0,1.0,0.1111,0.4227,0
14.135,1,1.0,1.0623,0.4381,0
14.14,1,1.0,1.0607,0.4608,0
14.145,0,1.0,0.0673,0.475,0
14.15,0,1.0,0.1155,0.4569,0
14.155,0,1.0,0.0375,0.439,0
14.16,1,1.0,1.0709,0.4457,0
14.165,1,1.0,1.0725,0.468,0
14.17,1,1.0,1.0696,0.4896,0
14.175,0,1.0,0.0709,0.4784,0
14.18,0,1.0,0.0713,0.4599,0
14.185,1,1.0,1.0394,0.4501,0
14.19,1,1.0,1.0921,0.4727,0
14.195,1,1.0,1.0864,0.4938,0
14.2,0,1.0,0.0724,0.4899,0
14.205,0,1.0,0.0643,0.4709,0
14.21,0,1.0,0.0497,0.4522,0
14.215,1,1.0,1.0816,0.4748,0
14.22,1,1.0,1.1139,0.4968,0
14.225,0,1.0,0.0881,0.5012,0
14.23,0,1.0,0.1087,0.4814,0
14.235,0,1.0,0.0946,0.4624,0
14.24,1,1.0,1.0858,0.4757,0
14.245,1,1.0,1.0449,0.4966,0
14.25,1,1.0,1.09,0.5165,0
14.255,0,1.0,0.0939,0.4964,0
14.26,0,1.0,0.0695,0.477,0
14.265,1,1.0,1.0535,0.4743,0
14.27,1,1.0,1.094,0.4958,0
14.275,1,1.0,1.1022,0.516,0
14.28,0,1.0,0.03,0.5039,0
14.285,0,1.0,0.0444,0.4843,0
14.29,1,1.0,1.0795,0.4733,0
14.295,1,1.0,1.0711,0.4942,0
14.3,1,1.0,1.1018,0.5149,0
14.305,0,1.0,0.0704,0.5104,0
14.31,0,1.0,0.0869,0.4901,0
14.315,0,1.0,0.0575,0.4709,0
14.32,1,1.0,1.0258,0.4927,0
14.325,1,1.0,1.0846,0.5135,0
14.33,0,1.0,0.0942,0.5166,0
14.335,0,1.0,0.0902,0.4962,0
14.34,0,1.0,0.0816,0.4771,0
14.345,1,1.0,1.0788,0.4823,0
14.35,1,1.0,1.0892,0.5034,0
14.355,1,1.0,1.0555,0.5229,0
14.36,0,1.0,0.0933,0.5025,0
14.365,0,1.0,0.1,0.4826,0
14.37,1,1.0,1.0612,0.4795,0
14.375,1,1.0,1.0632,0.5001,0
14.38,1,1.0,1.0545,0.5205,0
14.385,0,1.0,0.0933,0.5077,0
14.39,0,1.0,0.1021,0.4874,0
14.395,1,1.0,1.1165,0.4769,0
14.4,1,1.0,1.103,0.4985,0
14.405,1,1.0,1.0464,0.5192,0
14.41,0,1.0,0.103,0.5146,0
14.415,0,1.0,0.0509,0.4946,0
14.42,0,1.0,0.0974,0.4754,0
14.425,1,1.0,1.0889,0.4895,0
14.43,1,1.0,1.1215,0.5114,0
14.435,0,1.0,0.0631,0.5229,0
14.44,0,1.0,0.0871,0.5024,0
14.445,0,1.0,0.0865,0.4828,0
14.45,1,1.0,1.0827,0.4884,0
14.455,1,1.0,1.0898,0.5098,0
14.46,1,1.0,1.1229,0.5299,0
14.465,0,1.0,0.0536,0.5092,0
14.47,0,1.0,0.0969,0.489,0
14.475,1,1.0,1.152,0.4866,0
14.48,1,1.0,1.0829,0.5077,0
14.485,1,1.0,1.0471,0.527,0
14.49,0,1.0,0.0979,0.5143,0
14.495,0,1.0,0.0572,0.4943,0
14.5,0,1.0,0.0732,0.4751,0
14.505,1,1.0,1.1341,0.4965,0
14.51,1,1.0,1.0644,0.5175,0
14.515,0,1.0,0.0458,0.5212,0
14.52,0,1.0,0.0638,0.5008,0
14.525,0,1.0,0.0907,0.481,0
14.53,1,1.0,1.091,0.494,0
14.535,1,1.0,1.1203,0.5145,0
14.54,0,1.0,0.1096,0.5257,0
14.545,0,1.0,0.0778,0.5049,0
14.55,0,1.0,0.1295,0.4849,0
14.555,1,1.0,1.0571,0.4906,0
14.56,1,1.0,1.0992,0.5118,0
14.565,1,1.0,1.078,0.5322,0
14.57,0,1.0,0.0722,0.5113,0
14.575,0,1.0,0.0709,0.4914,0
14.58,1,1.0,1.0649,0.488,0
14.585,1,1.0,1.0977,0.5093,0
14.59,1,1.0,1.0712,0.5292,0
14.595,0,1.0,0.0778,0.5244,0
14.6,0,1.0,0.0961,0.504,0
14.605,0,1.0,0.0786,0.4848,0
14.61,1,1.0,1.0311,0.505,0
14.615,1,1.0,1.0367,0.5249,0
14.62,0,1.0,0.1021,0.5279,0
14.625,0,1.0,0.0795,0.5069,0
14.63,0,1.0,0.0816,0.4872,0
14.635,1,1.0,1.0706,0.5001,0
14.64,1,1.0,1.1014,0.521,0
14.645,0,1.0,0.0848,0.5325,0
14.65,0,1.0,0.0766,0.5116,0
14.655,0,1.0,0.063,0.4918,0
14.66,1,1.0,1.1297,0.4972,0
14.665,1,1.0,1.1101,0.5172,0
14.67,1,1.0,1.0167,0.5372,0
14.675,0,1.0,0.0911,0.5236,0
14.68,0,1.0,0.1111,0.503,0
14.685,0,1.0,0.0733,0.4837,0
14.69,0,1.0,0.0948,0.4647,0
14.695,0,1.0,0.085,0.4465,0
14.7,0,1.0,0.0826,0.4291,0
14.705,0,1.0,0.0765,0.412,0
14.71,0,1.0,0.0634,0.396,0
14.715,0,1.0,0.0459,0.3809,0
14.72,0,1.0,0.1527,0.3664,0
14.725,0,1.0,0.063,0.3522,0
14.73,0,1.0,0.1086,0.3386,0
14.735,0,1.0,0.0982,0.3254,0
14.74,0,1.0,0.0913,0.3129,0
14.745,0,1.0,0.0439,0.3009,0
14.75,0,1.0,0.0896,0.289,0
14.755,0,1.0,0.0589,0.2779,0
14.76,0,1.0,0.0759,0.2674,0
14.765,0,1.0,0.0861,0.2573,0
14.77,0,1.0,0.0942,0.2473,0
14.775,0,1.0,0.0586,0.2382,0
14.78,0,1.0,0.0578,0.2293,0
14.785,0,1.0,0.085,0.2204,0
14.79,0,1.0,0.0751,0.2118,0
14.795,0,1.0,0.1132,0.2041,0
14.8,0,1.0,0.0554,0.1965,0
14.805,0,1.0,0.1029,0.1895,0
14.81,0,1.0,0.085,0.1823,0
14.815,0,1.0,0.0512,0.1756,0
14.82,0,1.0,0.1114,0.1695,0
14.825,0,1.0,0.1379,0.1633,0
14.83,0,1.0,0.041,0.1576,0
14.835,0,1.0,0.0779,0.152,0
14.84,0,1.0,0.0949,0.1466,0
14.845,0,1.0,0.0941,0.1414,0
14.85,0,1.0,0.1019,0.1365,1
14.855,0,1.0,0.0478,0.1321,1
14.86,0,1.0,0.1,0.1276,1
14.865,0,1.0,0.056,0.1231,1
14.87,0,1.0,0.081,0.1183,1
14.875,0,1.0,0.0368,0.1145,1
14.88,0,1.0,0.0929,0.1106,1
14.885,0,1.0,0.0971,0.1067,1
14.89,0,1.0,0.1056,0.1031,1
14.895,0,1.0,0.0673,0.0995,1
14.9,0,1.0,0.0808,0.0961,1
14.905,0,1.0,0.1208,0.093,1
14.91,0,1.0,0.0806,0.09,1
14.915,0,1.0,0.0831,0.0875,1
14.92,0,1.0,0.1243,0.0848,1
14.925,0,1.0,0.1008,0.0822,1
14.93,0,1.0,0.0959,0.0794,1
14.935,0,1.0,0.0698,0.0771,1
14.94,0,1.0,0.0794,0.0746,1
14.945,0,1.0,0.0714,0.0718,1
14.95,0,1.0,0.0666,0.0695,1
14.955,0,1.0,0.0685,0.0674,1
14.96,0,1.0,0.0954,0.0657,1
14.965,0,1.0,0.0794,0.064,1
14.97,0,1.0,0.0613,0.062,1
14.975,0,1.0,0.0875,0.06,1
14.98,0,1.0,0.0565,0.0582,1
14.985,0,1.0,0.0359,0.0568,1
14.99,0,1.0,0.068,0.055,1
14.995,0,1.0,0.1177,0.0534,1
15.0,0,1.0,0.1153,0.0521,1
15.005,0,1.0,0.0451,0.0509,1
15.01,0,1.0,0.1063,0.0496,1
15.015,0,1.0,0.1304,0.0485,1
15.02,0,1.0,0.0753,0.0471,1
15.025,0,1.0,0.0598,0.0464,1
15.03,0,1.0,0.0468,0.0452,1
15.035,0,1.0,0.0362,0.0448,1
15.04,0,1.0,0.0645,0.0435,1
15.045,0,1.0,0.0916,0.0425,1
15.05,0,1.0,0.0811,0.041,1
15.055,0,1.0,0.0283,0.0401,1
15.06,0,1.0,0.0624,0.0392,1
15.065,0,1.0,0.0479,0.0385,1
15.07,0,1.0,0.0954,0.0376,1
15.075,0,1.0,0.0753,0.0364,1
15.08,0,1.0,0.0748,0.0357,1
15.085,0,1.0,0.0804,0.0352,1
15.09,0,1.0,0.0582,0.0347,1
15.095,0,1.0,0.0836,0.0336,1
15.1,0,1.0,0.0968,0.0329,1
15.105,0,1.0,0.1075,0.0324,1
15.11,0,1.0,0.1023,0.0319,1
15.115,0,1.0,0.0832,0.0317,1
15.12,0,1.0,0.0703,0.0312,1
15.125,0,1.0,0.0448,0.0308,1
15.13,0,1.0,0.0609,0.0307,1
15.135,0,1.0,0.081,0.0299,1
15.14,0,1.0,0.0797,0.0293,1
15.145,0,1.0,0.1023,0.0287,1
15.15,0,1.0,0.086,0.028,1
15.155,0,1.0,0.1041,0.0279,1
15.16,0,1.0,0.0049,0.0279,1
15.165,0,1.0,0.1019,0.0274,1
15.17,0,1.0,0.1157,0.0275,1
15.175,0,1.0,0.1017,0.0272,1
15.18,0,1.0,0.0706,0.0267,1
15.185,0,1.0,0.0551,0.0268,1
15.19,0,1.0,0.0808,0.0262,1
15.195,0,1.0,0.0778,0.0257,1
15.2,0,1.0,0.0956,0.0254,1
15.205,0,1.0,0.0389,0.0251,1
15.21,0,1.0,0.0951,0.0246,1
15.215,0,1.0,0.0531,0.0247,1
15.22,0,1.0,0.1029,0.0249,1
15.225,0,1.0,0.069,0.0248,1
15.23,0,1.0,0.0508,0.0244,1
15.235,0,1.0,0.0856,0.0239,1
15.24,0,1.0,0.0822,0.0238,1
15.245,0,1.0,0.0996,0.0234,1
15.25,0,1.0,0.0906,0.023,1
15.255,0,1.0,0.0888,0.0225,1
15.26,0,1.0,0.0357,0.0223,1
15.265,0,1.0,0.0854,0.022,1
15.27,0,1.0,0.0687,0.0219,1
15.275,0,1.0,0.0893,0.0216,1
15.28,0,1.0,0.053,0.0215,1
15.285,0,1.0,0.0685,0.0212,1
15.29,1,1.0,1.0578,0.0288,1
15.295,1,1.0,1.099,0.068,1
15.3,1,1.0,1.0685,0.1054,1
15.305,0,1.0,0.069,0.1177,1
15.31,0,1.0,0.0677,0.114,1
15.315,0,1.0,0.0853,0.1099,1
15.32,1,1.0,1.0546,0.1462,1
15.325,1,1.0,1.0869,0.1811,1
15.33,0,1.0,0.1103,0.1975,1
15.335,0,1.0,0.1117,0.1901,1
15.34,0,1.0,0.0646,0.1831,1
15.345,1,1.0,1.1152,0.2008,1
15.35,1,1.0,1.0691,0.233,0
15.355,1,1.0,1.09,0.2646,0
15.36,0,1.0,0.0598,0.2544,0
15.365,0,1.0,0.1048,0.2447,0
15.37,1,1.0,1.0812,0.252,0
15.375,1,1.0,1.1154,0.2828,0
15.38,1,1.0,1.0934,0.3116,0
15.385,0,1.0,0.053,0.3074,0
15.39,0,1.0,0.0569,0.296,0
15.395,1,1.0,1.0545,0.2926,0
15.4,1,1.0,1.0749,0.3219,0
15.405,1,1.0,1.0642,0.3492,0
15.41,0,1.0,0.0318,0.3517,0
15.415,0,1.0,0.0786,0.3381,0
15.42,0,1.0,0.0965,0.3251,0
15.425,1,1.0,1.0642,0.3444,0
15.43,1,1.0,1.097,0.3709,0
15.435,0,1.0,0.048,0.3886,0
15.44,0,1.0,0.1725,0.3747,0
15.445,0,1.0,0.0707,0.3607,0
15.45,1,1.0,1.0938,0.3712,0
15.455,1,1.0,1.0741,0.3969,0
15.46,1,1.0,1.0341,0.4215,0
15.465,0,1.0,0.0553,0.4052,0
15.47,0,1.0,0.1205,0.3898,0
15.475,1,1.0,1.0548,0.3907,0
15.48,1,1.0,1.0529,0.4149,0
15.485,1,1.0,1.0824,0.4388,0
15.49,0,1.0,0.0917,0.4296,0
15.495,0,1.0,0.1125,0.4135,0
15.5,0,1.0,0.0958,0.3975,0
15.505,1,1.0,1.0823,0.4226,0
15.51,1,1.0,1.0741,0.4457,0
15.515,0,1.0,0.0684,0.4517,0
15.52,0,1.0,0.1068,0.4343,0
15.525,0,1.0,0.0922,0.4173,0
15.53,1,1.0,1.0908,0.4334,0
15.535,1,1.0,1.0639,0.4563,0
15.54,0,1.0,0.0835,0.4698,0
15.545,0,1.0,0.0906,0.4519,0
15.55,0,1.0,0.1275,0.4348,0
15.555,1,1.0,1.0391,0.4414,0
15.56,1,1.0,1.0493,0.4637,0
15.565,1,1.0,1.0703,0.4855,0
15.57,0,1.0,0.1083,0.4663,0
15.575,0,1.0,0.0918,0.4485,0
15.58,1,1.0,1.0703,0.447,0
15.585,1,1.0,1.128,0.4708,0
15.59,1,1.0,1.1239,0.4927,0
15.595,0,1.0,0.0951,0.4893,0
15.6,0,1.0,0.1131,0.4702,0
15.605,0,1.0,0.1029,0.4518,0
15.61,1,1.0,1.0524,0.4731,0
15.615,1,1.0,1.0802,0.495,0
15.62,0,1.0,0.0331,0.4993,0
15.625,0,1.0,0.0891,0.4799,0
15.63,0,1.0,0.0779,0.4608,0
15.635,1,1.0,1.1109,0.4759,0
15.64,1,1.0,1.1117,0.4979,0
15.645,0,1.0,0.0675,0.51,0
15.65,0,1.0,0.0959,0.49,0
15.655,0,1.0,0.0829,0.4707,0
15.66,1,1.0,1.1373,0.4767,0
15.665,1,1.0,1.1159,0.4977,0
15.67,1,1.0,1.07,0.518,0
15.675,0,1.0,0.0962,0.5055,0
15.68,0,1.0,0.0727,0.4856,0
15.685,1,1.0,1.0889,0.4746,0
15.69,1,1.0,1.071,0.4961,0
15.695,1,1.0,1.0891,0.5164,0
15.7,0,1.0,0.048,0.512,0
15.705,0,1.0,0.0967,0.4922,0
15.71,0,1.0,0.0834,0.4731,0
15.715,1,1.0,1.0921,0.4953,0
15.72,1,1.0,1.1379,0.5159,0
15.725,0,1.0,0.044,0.5203,0
15.73,0,1.0,0.1064,0.5003,0
15.735,0,1.0,0.0681,0.4805,0
15.74,1,1.0,1.0876,0.4938,0
15.745,1,1.0,1.0873,0.5144,0
15.75,1,1.0,1.0531,0.5334,0
15.755,0,1.0,0.1532,0.5134,0
15.76,0,1.0,0.0731,0.4937,0
15.765,1,1.0,1.0407,0.4907,0
15.77,1,1.0,1.1321,0.5118,0
15.775,1,1.0,1.134,0.5324,0
15.78,0,1.0,0.0857,0.5194,0
15.785,0,1.0,0.0919,0.4992,0
15.79,1,1.0,1.0565,0.4876,0
15.795,1,1.0,1.1088,0.5085,0
15.8,1,1.0,1.0784,0.5282,0
15.805,0,1.0,0.1161,0.5237,0
15.81,0,1.0,0.0897,0.5029,0
15.815,0,1.0,0.0821,0.4832,0
15.82,1,1.0,1.0108,0.5029,0
15.825,1,1.0,1.0574,0.5233,0
15.83,0,1.0,0.0865,0.5272,0
15.835,0,1.0,0.0996,0.5066,0
15.84,0,1.0,0.0713,0.4865,0
15.845,1,1.0,1.0722,0.4913,0
15.85,1,1.0,1.052,0.5116,0
15.855,1,1.0,1.1169,0.5316,0
15.86,0,1.0,0.0799,0.5108,0
15.865,0,1.0,0.1253,0.491,0
15.87,1,1.0,1.0454,0.4879,0
15.875,1,1.0,1.0826,0.5095,0
15.88,1,1.0,1.095,0.5291,0
15.885,0,1.0,0.0463,0.5162,0
15.89,0,1.0,0.0808,0.4957,0
15.895,1,1.0,1.0643,0.4846,0
15.9,1,1.0,1.0913,0.5054,0
15.905,1,1.0,1.0743,0.5251,0
15.91,0,1.0,0.0546,0.5198,0
15.915,0,1.0,0.0596,0.4998,0
15.92,0,1.0,0.0595,0.4806,0
15.925,1,0.08,0.1533,0.4638,0
15.93,1,0.08,0.1681,0.448,0
15.935,0,0.08,0.111,0.4324,0
15.94,0,0.08,0.1177,0.4155,0
15.945,0,0.08,0.0814,0.399,0
15.95,1,0.08,0.1732,0.3854,0
15.955,1,0.08,0.1294,0.3729,0
15.96,1,0.08,0.1672,0.3613,0
15.965,0,0.08,0.0533,0.3478,0
15.97,0,0.08,0.0508,0.3346,0
15.975,1,0.08,0.1893,0.3233,0
15.98,1,0.08,0.1913,0.3138,0
15.985,1,0.08,0.1427,0.3044,0
15.99,0,0.08,0.0391,0.2933,0
15.995,0,0.08,0.0384,0.2822,0
16.0,0,0.08,0.0601,0.2712,0
16.005,1,0.08,0.135,0.2632,0
16.01,1,0.08,0.1227,0.2554,0
16.015,0,0.08,0.104,0.2469,0
16.02,0,0.08,0.1103,0.2379,0
16.025,0,0.08,0.0313,0.2294,0
16.03,1,0.08,0.126,0.2224,0
16.035,1,0.08,0.1632,0.2165,0
16.04,0,0.08,0.1364,0.2107,0
16.045,0,0.08,0.1016,0.2028,0
16.05,0,0.08,0.0583,0.1955,0
16.055,1,0.08,0.1764,0.1898,0
16.06,1,0.08,0.1687,0.1859,0
16.065,1,0.08,0.1741,0.1823,0
16.07,0,0.08,0.0825,0.1753,0
16.075,0,0.08,0.0764,0.1687,0
16.08,0,0.08,0.0563,0.1626,0
16.085,0,0.08,0.054,0.1567,0
16.09,0,1.0,0.0697,0.1511,0
16.095,0,1.0,0.0497,0.1459,0
16.1,0,1.0,0.0893,0.1407,0
16.105,0,1.0,0.1188,0.1357,1
16.11,0,1.0,0.0783,0.1306,1
16.115,0,1.0,0.0808,0.1261,1
16.12,0,1.0,0.124,0.1219,1
16.125,0,1.0,0.1073,0.1179,1
16.13,0,1.0,0.1172,0.1137,1
16.135,0,1.0,0.0639,0.1096,1
16.14,0,1.0,0.0872,0.1059,1
16.145,0,1.0,0.1126,0.1026,1
16.15,0,1.0,0.1227,0.0991,1
16.155,0,1.0,0.1275,0.0962,1
16.16,0,1.0,0.0768,0.0929,1
16.165,0,1.0,0.1041,0.0897,1
16.17,0,1.0,0.0679,0.0866,1
16.175,0,1.0,0.0666,0.0838,1
16.18,0,1.0,0.0684,0.0813,1
16.185,0,1.0,0.1202,0.0792,1
16.19,0,1.0,0.0352,0.0772,1
16.195,0,1.0,0.0521,0.0749,1
16.2,0,1.0,0.0595,0.0726,1
16.205,0,1.0,0.102,0.0706,1
16.21,0,1.0,0.0759,0.0685,1
16.215,0,1.0,0.1144,0.0667,1
16.22,0,1.0,0.08,0.0647,1
16.225,0,1.0,0.0515,0.0635,1
16.23,0,1.0,0.0843,0.0622,1
16.235,0,1.0,0.1135,0.0608,1
16.24,0,1.0,0.0829,0.0589,1
16.245,0,1.0,0.0756,0.0571,1
16.25,0,1.0,0.0949,0.0557,1
16.255,0,1.0,0.0778,0.054,1
16.26,0,1.0,0.1085,0.0529,1
16.265,0,1.0,0.0828,0.0519,1
16.27,0,1.0,0.0289,0.0509,1
16.275,0,1.0,0.1291,0.0498,1
16.28,0,1.0,0.0632,0.0481,1
16.285,0,1.0,0.0911,0.0465,1
16.29,0,1.0,0.0836,0.0453,1
16.295,0,1.0,0.1001,0.0441,1
16.3,0,1.0,0.079,0.0427,1
16.305,0,1.0,0.0575,0.0414,1
16.31,0,1.0,0.0309,0.0411,1
16.315,0,1.0,0.0736,0.0399,1
16.32,0,1.0,0.0802,0.0393,1
16.325,0,1.0,0.1041,0.039,1
16.33,0,1.0,0.0611,0.0382,1
16.335,0,1.0,0.078,0.0372,1
16.34,0,1.0,0.1204,0.0367,1
16.345,0,1.0,0.1257,0.0359,1
16.35,0,1.0,0.1309,0.0358,1
16.355,0,1.0,0.0398,0.0351,1
16.36,0,1.0,0.0513,0.0347,1
16.365,0,1.0,0.0872,0.0342,1
16.37,0,1.0,0.0964,0.0334,1
16.375,0,1.0,0.0521,0.0327,1
16.38,0,1.0,0.0966,0.032,1
16.385,0,1.0,0.1189,0.0314,1
16.39,0,1.0,0.0725,0.0311,1
16.395,0,1.0,0.1066,0.0305,1
16.4,0,1.0,0.0745,0.0301,1
16.405,0,1.0,0.0714,0.0299,1
16.41,0,1.0,0.0547,0.0291,1
16.415,0,1.0,0.0827,0.0283,1
16.42,0,1.0,0.0998,0.0278,1
16.425,0,1.0,0.0617,0.0276,1
16.43,0,1.0,0.075,0.0273,1
16.435,0,1.0,0.1048,0.0269,1
16.44,0,1.0,0.0772,0.0264,1
16.445,0,1.0,0.0678,0.0262,1
16.45,0,1.0,0.1093,0.0256,1
16.455,0,1.0,0.0976,0.0253,1
16.46,0,1.0,0.1077,0.0253,1
16.465,0,1.0,0.0907,0.0248,1
16.47,0,1.0,0.1095,0.0243,1
16.475,0,1.0,0.1091,0.0239,1
16.48,0,1.0,0.077,0.0238,1
16.485,0,1.0,0.0805,0.0234,1
16.49,0,1.0,0.0705,0.0231,1
16.495,0,1.0,0.0835,0.0231,1
16.5,0,1.0,0.0537,0.0233,1
16.505,0,1.0,0.1043,0.0233,1
16.51,0,1.0,0.0712,0.023,1
16.515,0,1.0,0.0954,0.0228,1
16.52,0,1.0,0.0718,0.0227,1
16.525,0,1.0,0.1113,0.0226,1
16.53,0,1.0,0.0682,0.0222,1
16.535,0,1.0,0.0649,0.022,1
16.54,0,1.0,0.0785,0.0216,1
16.545,0,1.0,0.0876,0.0217,1
16.55,0,1.0,0.1037,0.0221,1
16.555,0,1.0,0.0529,0.0221,1
16.56,0,1.0,0.0525,0.022,1
16.565,0,1.0,0.0907,0.0214,1
16.57,0,1.0,0.0769,0.0209,1
16.575,0,1.0,0.0627,0.0211,1
16.58,0,1.0,0.0665,0.0206,1
16.585,0,1.0,0.0692,0.0204,1
16.59,0,1.0,0.0951,0.0202,1
16.595,0,1.0,0.0274,0.0207,1
16.6,0,1.0,0.084,0.0204,1
16.605,0,1.0,0.1092,0.0202,1
16.61,0,1.0,0.0879,0.0204,1
16.615,0,1.0,0.0874,0.0203,1
16.62,0,1.0,0.0484,0.0201,1
16.625,0,1.0,0.0491,0.0203,1
16.63,0,1.0,0.0511,0.0206,1
16.635,0,1.0,0.1061,0.0207,1
16.64,0,1.0,0.0876,0.0205,1
16.645,0,1.0,0.0754,0.0203,1
16.65,0,1.0,0.0416,0.0205,1
16.655,0,1.0,0.0543,0.0204,1
16.66,0,1.0,0.0963,0.0206,1
16.665,0,1.0,0.0902,0.0206,1
16.67,0,1.0,0.0531,0.0204,1
16.675,0,1.0,0.0853,0.0203,1
16.68,0,1.0,0.0681,0.02,1
16.685,1,1.0,1.0408,0.0276,1
16.69,1,1.0,1.0903,0.0677,1
16.695,1,1.0,1.1293,0.1053,1
16.7,0,1.0,0.0691,0.1176,1
16.705,0,1.0,0.0373,0.114,1
16.71,0,1.0,0.1027,0.1103,1
16.715,1,1.0,1.0621,0.1469,1
16.72,1,1.0,1.0582,0.1816,1
16.725,0,1.0,0.0687,0.199,1
16.73,0,1.0,0.0799,0.1917,1
16.735,0,1.0,0.0847,0.1845,1
16.74,1,1.0,1.0868,0.2099,1
16.745,1,1.0,1.0745,0.2419,0
16.75,1,1.0,1.127,0.2724,0
16.755,0,1.0,0.0406,0.2624,0
16.76,0,1.0,0.108,0.2529,0
16.765,1,1.0,1.0991,0.2601,0
16.77,1,1.0,1.1092,0.2905,0
16.775,1,1.0,1.0353,0.3193,0
16.78,0,1.0,0.0667,0.315,0
16.785,0,1.0,0.1137,0.3029,0
16.79,1,1.0,1.0563,0.2997,0
16.795,1,1.0,1.0574,0.3277,0
16.8,1,1.0,1.0278,0.3544,0
16.805,0,1.0,0.0928,0.3566,0
16.81,0,1.0,0.1085,0.343,0
16.815,0,1.0,0.0854,0.3298,0
16.82,1,1.0,1.071,0.3563,0
16.825,1,1.0,1.1129,0.3826,0
16.83,0,1.0,0.0814,0.3909,0
16.835,0,1.0,0.0953,0.3755,0
16.84,0,1.0,0.1027,0.3611,0
16.845,1,1.0,1.1238,0.3714,0
16.85,1,1.0,1.0426,0.3967,0
16.855,1,1.0,1.0886,0.4212,0
16.86,0,1.0,0.0416,0.4048,0
16.865,0,1.0,0.0046,0.3897,0
16.87,1,1.0,1.046,0.3905,0
16.875,1,1.0,1.0672,0.4152,0
16.88,1,1.0,1.0555,0.4391,0
16.885,0,1.0,0.1098,0.4295,0
16.89,0,1.0,0.0781,0.4131,0
16.895,1,1.0,1.061,0.4051,0
16.9,1,1.0,1.0769,0.4291,0
16.905,1,1.0,1.1293,0.4529,0
16.91,0,1.0,0.0656,0.4511,0
16.915,0,1.0,0.0743,0.4336,0
16.92,0,1.0,0.0457,0.4165,0
16.925,1,1.0,1.0892,0.4329,0
16.93,1,1.0,1.0728,0.4565,0
16.935,0,1.0,0.0692,0.4703,0
16.94,0,1.0,0.1199,0.4523,0
16.945,0,1.0,0.0675,0.4346,0
16.95,1,1.0,1.0383,0.4414,0
16.955,1,1.0,1.0602,0.4639,0
16.96,1,1.0,1.0529,0.4852,0
16.965,0,1.0,0.0592,0.4663,0
16.97,0,1.0,0.0535,0.4484,0
16.975,1,1.0,1.019,0.446,0
16.98,1,1.0,1.0359,0.4669,0
16.985,1,1.0,1.073,0.4883,0
16.99,0,1.0,0.0495,0.477,0
16.995,0,1.0,0.0596,0.4585,0
17.0,0,1.0,0.1011,0.4406,0
17.005,1,1.0,1.0581,0.4633,0
17.01,1,1.0,1.1194,0.4849,0
17.015,0,1.0,0.0792,0.4898,0
17.02,0,1.0,0.0943,0.4708,0
17.025,0,1.0,0.0877,0.4523,0
17.03,1,1.0,1.0854,0.467,0
17.035,1,1.0,1.0592,0.4885,0
17.04,0,1.0,0.0628,0.501,0
17.045,0,1.0,0.0984,0.4813,0
17.05,0,1.0,0.065,0.4626,0
17.055,1,1.0,0.9902,0.4679,0
17.06,1,1.0,1.1083,0.4901,0
17.065,1,1.0,1.035,0.5115,0
17.07,0,1.0,0.0395,0.4922,0
17.075,0,1.0,0.0636,0.4727,0
17.08,1,1.0,1.1183,0.4708,0
17.085,1,1.0,1.1043,0.4926,0
17.09,1,1.0,1.0675,0.5129,0
17.095,0,1.0,0.0926,0.5086,0
17.1,0,1.0,0.0718,0.489,0
17.105,0,1.0,0.138,0.4704,0
17.11,1,1.0,1.0714,0.4919,0
17.115,1,1.0,1.0833,0.5131,0
17.12,0,1.0,0.077,0.5167,0
17.125,0,1.0,0.0902,0.4962,0
17.13,0,1.0,0.0949,0.4767,0
17.135,1,1.0,1.0726,0.4898,0
17.14,1,1.0,1.1017,0.511,0
17.145,0,1.0,0.0823,0.5226,0
17.15,0,1.0,0.0744,0.5018,0
17.155,0,1.0,0.0723,0.4822,0
17.16,1,1.0,1.0919,0.4876,0
17.165,1,1.0,1.1103,0.5081,0
17.17,1,1.0,1.0774,0.5282,0
17.175,0,1.0,0.0759,0.5148,0
17.18,0,1.0,0.063,0.495,0
17.185,1,1.0,1.0828,0.4838,0
17.19,1,1.0,1.072,0.505,0
17.195,1,1.0,1.0762,0.5255,0
17.2,0,1.0,0.0263,0.5208,0
17.205,0,1.0,0.1084,0.5003,0
17.21,0,1.0,0.0969,0.4813,0
17.215,1,1.0,1.0923,0.5031,0
17.22,1,1.0,1.0894,0.5236,0
17.225,0,1.0,0.1108,0.5271,0
17.23,0,1.0,0.051,0.5064,0
17.235,0,1.0,0.0848,0.4865,0
17.24,1,1.0,1.0197,0.4981,0
17.245,1,1.0,1.0637,0.5181,0
17.25,1,1.0,1.079,0.5379,0
17.255,0,1.0,0.0569,0.5166,0
17.26,0,1.0,0.1025,0.497,0
17.265,1,1.0,1.0773,0.494,0
17.27,1,1.0,1.0932,0.5154,0
17.275,1,1.0,1.0846,0.5352,0
17.28,0,1.0,0.0865,0.5221,0
17.285,0,1.0,0.0942,0.5019,0
17.29,1,1.0,1.0903,0.4906,0
17.295,1,1.0,1.0568,0.5115,0
17.3,1,1.0,1.096,0.5317,0
17.305,0,1.0,0.0572,0.5266,0
17.31,0,1.0,0.0902,0.5056,0
17.315,0,1.0,0.1318,0.4863,0
17.32,1,1.0,1.1041,0.5064,0
17.325,1,1.0,1.0898,0.526,0
17.33,0,1.0,0.0824,0.5293,0
17.335,0,1.0,0.0881,0.5086,0
17.34,0,1.0,0.0713,0.4888,0
17.345,1,1.0,1.0918,0.4938,0
17.35,1,1.0,1.0839,0.5147,0
17.355,1,1.0,1.0799,0.5342,0
17.36,0,1.0,0.0754,0.5134,0
17.365,0,1.0,0.0864,0.4937,0
17.37,1,1.0,1.0848,0.4906,0
17.375,1,1.0,1.0253,0.5112,0
17.38,1,1.0,1.044,0.5315,0
17.385,0,1.0,0.0336,0.5186,0
17.39,0,1.0,0.1239,0.499,0
17.395,1,1.0,1.0757,0.4876,0
17.4,1,1.0,1.1076,0.5087,0
17.405,1,1.0,1.1146,0.5293,0
17.41,0,1.0,0.0784,0.5244,0
17.415,0,1.0,0.0964,0.5038,0
17.42,0,1.0,0.1271,0.4842,0
17.425,1,1.0,1.129,0.4978,0
17.43,1,1.0,1.0762,0.5183,0
17.435,0,1.0,0.0595,0.5299,0
17.44,0,1.0,0.1299,0.5091,0
17.445,0,1.0,0.0848,0.4891,0
17.45,1,1.0,1.0935,0.4942,0
17.455,1,1.0,1.0764,0.5155,0
17.46,1,1.0,1.094,0.5359,0
17.465,0,1.0,0.0622,0.515,0
17.47,0,1.0,0.0961,0.4946,0
17.475,0,1.0,0.0622,0.4755,0
17.48,0,1.0,0.1191,0.4569,0
17.485,0,1.0,0.0545,0.4392,0
17.49,0,1.0,0.0814,0.4219,0
17.495,0,1.0,0.1165,0.4055,0
17.5,0,1.0,0.0932,0.3895,0
17.505,0,1.0,0.1196,0.3747,0
17.51,0,1.0,0.0444,0.3603,0
17.515,0,1.0,0.081,0.3462,0
17.52,0,1.0,0.0856,0.3326,0
17.525,0,1.0,0.125,0.3203,0
17.53,0,1.0,0.0277,0.3085,0
17.535,0,1.0,0.088,0.2962,0
17.54,0,1.0,0.0254,0.2849,0
17.545,0,1.0,0.1215,0.274,0
17.55,0,1.0,0.0464,0.2634,0
17.555,0,1.0,0.1001,0.2532,0
17.56,0,1.0,0.0495,0.2438,0
17.565,0,1.0,0.067,0.2349,0
17.57,0,1.0,0.077,0.2267,0
17.575,0,1.0,0.0736,0.2179,0
17.58,0,1.0,0.0649,0.2099,0
17.585,0,1.0,0.0786,0.2017,0
17.59,0,1.0,0.0437,0.195,0
17.595,0,1.0,0.046,0.1881,0
17.6,0,1.0,0.1138,0.1816,0
17.605,0,1.0,0.1258,0.1749,0
17.61,0,1.0,0.0566,0.169,0
17.615,0,1.0,0.0783,0.1627,0
17.62,0,1.0,0.0773,0.157,0
17.625,0,1.0,0.05,0.1518,0
17.63,0,1.0,0.0624,0.1469,0
17.635,0,1.0,0.1065,0.1424,0
17.64,0,1.0,0.0567,0.1372,1
17.645,0,1.0,0.0791,0.1325,1
17.65,0,1.0,0.0674,0.1283,1
17.655,0,1.0,0.0804,0.1235,1
17.66,0,1.0,0.0686,0.1192,1
17.665,0,1.0,0.067,0.1152,1
17.67,0,1.0,0.0718,0.1114,1
17.675,0,1.0,0.0591,0.1078,1
17.68,0,1.0,0.105,0.1044,1
17.685,0,1.0,0.0611,0.1008,1
17.69,0,1.0,0.069,0.0974,1
17.695,0,1.0,0.0864,0.0943,1
17.7,0,1.0,0.0644,0.0912,1
17.705,0,1.0,0.0723,0.0878,1
17.71,0,1.0,0.051,0.085,1
17.715,0,1.0,0.1257,0.0825,1
17.72,0,1.0,0.0924,0.0799,1
17.725,0,1.0,0.0942,0.0778,1
17.73,0,1.0,0.1292,0.0758,1
17.735,0,1.0,0.0735,0.0733,1
17.74,0,1.0,0.0625,0.0708,1
17.745,0,1.0,0.0612,0.0685,1
17.75,0,1.0,0.0597,0.0665,1
17.755,0,1.0,0.1145,0.0646,1
17.76,0,1.0,0.0542,0.0631,1
17.765,0,1.0,0.1431,0.0617,1
17.77,0,1.0,0.045,0.0597,1
17.775,0,1.0,0.0771,0.0581,1
17.78,0,1.0,0.1085,0.0565,1
17.785,0,1.0,0.1437,0.0554,1
17.79,0,1.0,0.0877,0.0534,1
17.795,0,1.0,0.0803,0.0516,1
17.8,0,1.0,0.0761,0.0503,1
17.805,0,1.0,0.0795,0.0495,1
17.81,0,1.0,0.0748,0.0482,1
17.815,0,1.0,0.0719,0.0467,1
17.82,0,1.0,0.077,0.0461,1
17.825,0,1.0,0.0734,0.0449,1
17.83,0,1.0,0.1398,0.0439,1
17.835,0,1.0,0.093,0.0433,1
17.84,0,1.0,0.0542,0.042,1
17.845,0,1.0,0.074,0.041,1
17.85,0,1.0,0.0818,0.04,1
17.855,0,1.0,0.0772,0.0389,1
17.86,0,1.0,0.0279,0.0381,1
17.865,0,1.0,0.0716,0.0371,1
17.87,0,1.0,0.0793,0.036,1
17.875,0,1.0,0.0385,0.036,1
17.88,0,1.0,0.1307,0.0356,1
17.885,0,1.0,0.0896,0.0356,1
17.89,0,1.0,0.0515,0.0349,1
17.895,0,1.0,0.0766,0.0338,1
17.9,0,1.0,0.1173,0.0329,1
17.905,0,1.0,0.0442,0.0325,1
17.91,0,1.0,0.0389,0.0319,1
17.915,0,1.0,0.0475,0.0318,1
17.92,0,1.0,0.1097,0.0312,1
17.925,0,1.0,0.1283,0.0312,1
17.93,0,1.0,0.0647,0.0308,1
17.935,0,1.0,0.0837,0.03,1
17.94,0,1.0,0.0839,0.0293,1
17.945,0,1.0,0.1014,0.0289,1
17.95,0,1.0,0.0212,0.0287,1
17.955,0,1.0,0.0846,0.0277,1
17.96,0,1.0,0.0378,0.0277,1
17.965,0,1.0,0.0773,0.0271,1
17.97,0,1.0,0.0482,0.0271,1
17.975,0,1.0,0.0554,0.0268,1
17.98,0,1.0,0.0269,0.0268,1
17.985,0,1.0,0.0918,0.0266,1
17.99,0,1.0,0.035,0.0263,1
17.995,0,1.0,0.0983,0.026,1
18.0,0,1.0,0.0918,0.0257,1
18.005,0,1.0,0.0471,0.0252,1
18.01,0,1.0,0.1053,0.0254,1
18.015,0,1.0,0.0905,0.025,1
18.02,0,1.0,0.1146,0.0251,1
18.025,0,1.0,0.112,0.0247,1
18.03,0,1.0,0.0956,0.0244,1
18.035,0,1.0,0.0645,0.0243,1
18.04,0,1.0,0.074,0.0242,1
18.045,0,1.0,0.1084,0.0236,1
18.05,0,1.0,0.1118,0.0237,1
18.055,0,1.0,0.0708,0.0232,1
18.06,0,1.0,0.0376,0.0233,1
18.065,1,1.0,1.0787,0.0392,1
18.07,0,1.0,0.0851,0.0382,1
18.075,0,1.0,0.079,0.0379,1
18.08,1,1.0,1.0998,0.0533,1
18.085,1,1.0,1.0894,0.0925,1
18.09,1,1.0,1.0974,0.1306,1
18.095,0,1.0,0.1112,0.1422,1
18.1,0,1.0,0.0705,0.1372,1
18.105,0,1.0,0.095,0.1326,1
18.11,1,1.0,1.1004,0.1678,1
18.115,1,1.0,1.0395,0.2009,1
18.12,0,1.0,0.0321,0.2173,0
18.125,0,1.0,0.0697,0.2094,0
18.13,0,1.0,0.0822,0.2017,0
18.135,1,1.0,1.0617,0.2255,0
18.14,1,1.0,1.1037,0.2565,0
18.145,0,1.0,0.0835,0.2784,0
18.15,0,1.0,0.1029,0.2681,0
18.155,0,1.0,0.0883,0.2579,0
18.16,1,1.0,1.0563,0.2723,0
18.165,1,1.0,1.0895,0.3017,0
18.17,1,1.0,1.076,0.3296,0
18.175,0,1.0,0.0922,0.3247,0
18.18,0,1.0,0.06,0.3124,0
18.185,1,1.0,1.0453,0.3081,0
18.19,1,1.0,1.0786,0.3358,0
18.195,1,1.0,1.0765,0.3626,0
18.2,0,1.0,0.0757,0.3647,0
18.205,0,1.0,0.052,0.3506,0
18.21,0,1.0,0.0856,0.3371,0
18.215,1,1.0,1.1201,0.3651,0
18.22,1,1.0,1.0971,0.3913,0
18.225,0,1.0,0.0919,0.3993,0
18.23,0,1.0,0.0769,0.3841,0
18.235,0,1.0,0.0654,0.3688,0
18.24,1,1.0,1.0602,0.3864,0
18.245,1,1.0,1.0716,0.4116,0
18.25,1,1.0,1.0877,0.4359,0
18.255,0,1.0,0.0999,0.4189,0
18.26,0,1.0,0.0913,0.4024,0
18.265,1,1.0,1.0902,0.4033,0
18.27,1,1.0,1.0583,0.4269,0
18.275,1,1.0,1.1135,0.45,0
18.28,0,1.0,0.0721,0.4401,0
18.285,0,1.0,0.0835,0.423,0
18.29,1,1.0,1.0659,0.4147,0
18.295,1,1.0,1.0792,0.4386,0
18.3,1,1.0,1.0642,0.4613,0
18.305,0,1.0,0.1091,0.4587,0
18.31,0,1.0,0.0995,0.4406,0
18.315,0,1.0,0.079,0.4231,0
18.32,1,1.0,1.0977,0.4464,0
18.325,1,1.0,1.089,0.4692,0
18.33,0,1.0,0.0516,0.4746,0
18.335,0,1.0,0.1237,0.456,0
18.34,0,1.0,0.1126,0.4386,0
18.345,1,1.0,1.1026,0.446,0
18.35,1,1.0,1.1177,0.4685,0
18.355,1,1.0,1.051,0.4892,0
18.36,0,1.0,0.0315,0.4706,0
18.365,0,1.0,0.0924,0.452,0
18.37,1,1.0,1.0795,0.4508,0
18.375,1,1.0,1.0945,0.4726,0
18.38,1,1.0,1.0786,0.4938,0
18.385,0,1.0,0.0751,0.4832,0
18.39,0,1.0,0.104,0.464,0
18.395,1,1.0,1.0585,0.4539,0
18.4,1,1.0,1.0463,0.4764,0
18.405,1,1.0,1.0597,0.497,0
18.41,0,1.0,0.095,0.493,0
18.415,0,1.0,0.0663,0.4738,0
18.42,0,1.0,0.0937,0.4552,0
18.425,1,1.0,1.0999,0.47,0
18.43,1,1.0,1.0817,0.4918,0
18.435,0,1.0,0.1078,0.5048,0
18.44,0,1.0,0.0728,0.4849,0
18.445,0,1.0,0.0746,0.4662,0
18.45,1,1.0,1.037,0.4719,0
18.455,1,1.0,1.0964,0.4928,0
18.46,1,1.0,1.0312,0.513,0
18.465,0,1.0,0.0422,0.493,0
18.47,0,1.0,0.0979,0.4736,0
18.475,1,1.0,1.0962,0.4715,0
18.48,1,1.0,1.085,0.4934,0
18.485,1,1.0,1.0539,0.5133,0
18.49,0,1.0,0.1109,0.5016,0
18.495,0,1.0,0.0953,0.4818,0
18.5,0,1.0,0.0734,0.4628,0
18.505,1,1.0,1.0536,0.4841,0
18.51,1,1.0,1.0394,0.5057,0
18.515,0,1.0,0.0704,0.5092,0
18.52,0,1.0,0.0806,0.4887,0
18.525,0,1.0,0.0891,0.4698,0
18.53,1,1.0,1.1015,0.4834,0
18.535,1,1.0,1.087,0.5046,0
18.54,0,1.0,0.1086,0.5164,0
18.545,0,1.0,0.0927,0.4963,0
18.55,0,1.0,0.0595,0.4773,0
18.555,1,1.0,1.0798,0.4823,0
18.56,1,1.0,1.09,0.504,0
18.565,1,1.0,1.0913,0.5246,0
18.57,0,1.0,0.1236,0.504,0
18.575,0,1.0,0.0496,0.4844,0
18.58,1,1.0,1.0908,0.4827,0
18.585,1,1.0,1.1177,0.5032,0
18.59,1,1.0,1.1011,0.5232,0
18.595,0,1.0,0.091,0.5178,0
18.6,0,1.0,0.1112,0.4979,0
18.605,0,1.0,0.0891,0.4782,0
18.61,1,1.0,1.0595,0.4997,0
18.615,1,1.0,1.0679,0.5198,0
18.62,0,1.0,0.0821,0.523,0
18.625,0,1.0,0.0675,0.5025,0
18.63,0,1.0,0.0881,0.4827,0
18.635,1,1.0,1.0729,0.4953,0
18.64,1,1.0,1.0924,0.5162,0
18.645,0,1.0,0.1023,0.5279,0
18.65,0,1.0,0.0478,0.5074,0
18.655,0,1.0,0.1053,0.4878,0
18.66,1,1.0,1.0868,0.4928,0
18.665,1,1.0,1.0849,0.5131,0
18.67,1,1.0,1.0878,0.5325,0
18.675,0,1.0,0.0748,0.5194,0
18.68,0,1.0,0.0758,0.4989,0
18.685,1,1.0,1.038,0.4876,0
18.69,1,1.0,1.0653,0.5089,0
18.695,1,1.0,1.0626,0.5293,0
18.7,0,1.0,0.0617,0.524,0
18.705,0,1.0,0.1079,0.5034,0
18.71,0,1.0,0.0453,0.4838,0
18.715,1,1.0,1.0924,0.5047,0
18.72,1,1.0,1.1004,0.5243,0
18.725,0,1.0,0.0569,0.5271,0
18.73,0,1.0,0.1448,0.5066,0
18.735,0,1.0,0.058,0.4867,0
18.74,1,1.0,1.0615,0.5,0
18.745,1,1.0,1.0653,0.5199,0
18.75,1,1.0,1.0773,0.5393,0
18.755,0,1.0,0.128,0.5184,0
18.76,0,1.0,0.0805,0.4979,0
18.765,1,1.0,1.0846,0.4944,0
18.77,1,1.0,1.0899,0.5152,0
18.775,1,1.0,1.0833,0.5355,0
18.78,0,1.0,0.0915,0.5223,0
18.785,0,1.0,0.1002,0.5017,0
18.79,1,1.0,1.1162,0.4908,0
18.795,1,1.0,1.0736,0.5107,0
18.8,1,1.0,1.0681,0.5306,0
18.805,0,1.0,0.1404,0.5257,0
18.81,0,1.0,0.0912,0.505,0
18.815,0,1.0,0.1026,0.4855,0
18.82,1,1.0,1.0722,0.5061,0
18.825,1,1.0,1.0662,0.5264,0
18.83,0,1.0,0.0627,0.5299,0
18.835,0,1.0,0.0423,0.5097,0
18.84,0,1.0,0.1118,0.4903,0
18.845,1,1.0,1.0701,0.4957,0
18.85,1,1.0,1.1171,0.5157,0
18.855,0,1.0,0.0608,0.5112,0
18.86,0,1.0,0.0986,0.4911,0
18.865,0,1.0,0.0868,0.4719,0
18.87,0,1.0,0.0786,0.4538,0
18.875,0,1.0,0.0738,0.436,0
18.88,0,1.0,0.0585,0.4191,0
18.885,0,1.0,0.0705,0.4027,0
18.89,0,1.0,0.0734,0.387,0
18.895,0,1.0,0.0914,0.3724,0
18.9,0,1.0,0.1078,0.3581,0
18.905,0,1.0,0.057,0.3446,0
18.91,0,1.0,0.0994,0.331,0
18.915,0,1.0,0.1002,0.318,0
18.92,0,1.0,0.1162,0.3059,0
18.925,0,1.0,0.0663,0.294,0
18.93,0,1.0,0.062,0.2828,0
18.935,0,1.0,0.0629,0.2718,0
18.94,0,1.0,0.1298,0.2617,0
18.945,0,1.0,0.0675,0.2518,0
18.95,0,1.0,0.1013,0.2423,0
18.955,0,1.0,0.1141,0.2334,0
18.96,0,1.0,0.0614,0.2247,0
18.965,0,1.0,0.0547,0.216,0
18.97,0,1.0,0.0999,0.2079,0
18.975,0,1.0,0.0847,0.2005,0
18.98,0,1.0,0.075,0.193,0
18.985,0,1.0,0.0597,0.1863,0
18.99,0,1.0,0.0838,0.179,0
18.995,0,1.0,0.0427,0.1731,0
19.0,0,1.0,0.0592,0.167,0
19.005,0,1.0,0.0821,0.1606,0
19.01,0,1.0,0.0529,0.1547,0
19.015,0,1.0,0.0829,0.1492,0
19.02,0,1.0,0.0426,0.144,0
19.025,0,1.0,0.0553,0.1388,1
19.03,0,1.0,0.0569,0.1336,1
19.035,0,1.0,0.0811,0.1288,1
19.04,0,1.0,0.0777,0.1238,1
19.045,0,1.0,0.0711,0.1195,1
19.05,0,1.0,0.0934,0.1156,1
19.055,0,1.0,0.103,0.1116,1
19.06,0,1.0,0.1042,0.1079,1
19.065,0,1.0,0.1074,0.1043,1
19.07,0,1.0,0.0075,0.1013,1
19.075,0,1.0,0.0784,0.0978,1
19.08,0,1.0,0.0459,0.0946,1
19.085,0,1.0,0.0756,0.0914,1
19.09,0,1.0,0.043,0.0885,1
19.095,0,1.0,0.0804,0.0858,1
19.1,0,1.0,0.0715,0.0829,1
19.105,0,1.0,0.0343,0.0805,1
19.11,0,1.0,0.055,0.0783,1
19.115,0,1.0,0.1143,0.0765,1
19.12,0,1.0,0.106,0.0748,1
19.125,0,1.0,0.0639,0.0725,1
19.13,0,1.0,0.089,0.0707,1
19.135,0,1.0,0.1046,0.0691,1
19.14,0,1.0,0.1499,0.0676,1
19.145,0,1.0,0.0844,0.0652,1
19.15,0,1.0,0.0667,0.0631,1
19.155,0,1.0,0.0576,0.0612,1
19.16,0,1.0,0.0564,0.0594,1
19.165,0,1.0,0.0824,0.0581,1
19.17,0,1.0,0.0241,0.0565,1
19.175,0,1.0,0.0945,0.0557,1
19.18,0,1.0,0.0718,0.0543,1
19.185,0,1.0,0.0969,0.0527,1
19.19,0,1.0,0.0521,0.0516,1
19.195,0,1.0,0.119,0.0507,1
19.2,0,1.0,0.1357,0.0494,1
19.205,0,1.0,0.0556,0.0484,1
19.21,0,1.0,0.0467,0.0477,1
19.215,0,1.0,0.0778,0.0463,1
19.22,0,1.0,0.0266,0.0458,1
19.225,0,1.0,0.0429,0.0451,1
19.23,0,1.0,0.082,0.0436,1
19.235,0,1.0,0.055,0.0426,1
19.24,0,1.0,0.0627,0.0414,1
19.245,0,1.0,0.05,0.0405,1
19.25,0,1.0,0.0458,0.0395,1
19.255,0,1.0,0.1057,0.0388,1
19.26,0,1.0,0.1201,0.0378,1
19.265,0,1.0,0.0681,0.0367,1
19.27,0,1.0,0.0902,0.0357,1
19.275,0,1.0,0.061,0.0348,1
19.28,0,1.0,0.085,0.0341,1
19.285,0,1.0,0.0669,0.0338,1
19.29,0,1.0,0.0596,0.0336,1
19.295,0,1.0,0.0824,0.0325,1
19.3,0,1.0,0.0815,0.0319,1
19.305,0,1.0,0.0793,0.0311,1
19.31,0,1.0,0.0695,0.0306,1
19.315,0,1.0,0.0775,0.0299,1
19.32,0,1.0,0.066,0.0298,1
19.325,0,1.0,0.0678,0.0292,1
19.33,0,1.0,0.0554,0.0293,1
19.335,0,1.0,0.0956,0.0288,1
19.34,0,1.0,0.114,0.0288,1
19.345,0,1.0,0.0506,0.0285,1
19.35,0,1.0,0.0946,0.0278,1
19.355,0,1.0,0.0708,0.0273,1
19.36,0,1.0,0.0368,0.0276,1
19.365,0,1.0,0.0737,0.0271,1
19.37,0,1.0,0.0559,0.0265,1
19.375,0,1.0,0.0827,0.0264,1
19.38,0,1.0,0.0605,0.026,1
19.385,0,1.0,0.1179,0.0262,1
19.39,0,1.0,0.086,0.0261,1
19.395,0,1.0,0.0687,0.026,1
19.4,0,1.0,0.0817,0.0254,1
19.405,0,1.0,0.0584,0.0254,1
19.41,0,1.0,0.048,0.0251,1
19.415,0,1.0,0.0516,0.0247,1
19.42,0,1.0,0.0872,0.0248,1
19.425,0,1.0,0.0546,0.0243,1
19.43,0,1.0,0.0725,0.0238,1
19.435,0,1.0,0.1295,0.0241,1
19.44,0,1.0,0.0738,0.0242,1
19.445,0,1.0,0.0816,0.0234,1
19.45,0,1.0,0.053,0.0233,1
19.455,1,1.0,1.0855,0.047,1
19.46,1,1.0,1.0785,0.0861,1
19.465,0,1.0,0.074,0.0837,1
19.47,0,1.0,0.0796,0.0811,1
19.475,1,1.0,1.0917,0.0943,1
19.48,1,1.0,1.0937,0.1316,1
19.485,1,1.0,1.0166,0.1656,1
19.49,0,1.0,0.0654,0.1673,1
19.495,0,1.0,0.0279,0.1618,1
19.5,0,1.0,0.0621,0.1562,1
19.505,1,1.0,1.1152,0.1911,1
19.51,1,1.0,1.0917,0.2239,0
19.515,0,1.0,0.0343,0.2394,0
19.52,0,1.0,0.0904,0.23,0
19.525,0,1.0,0.0734,0.2214,0
19.53,1,1.0,1.0821,0.245,0
19.535,1,1.0,1.074,0.2753,0
19.54,0,1.0,0.0489,0.2966,0
19.545,0,1.0,0.0451,0.2854,0
19.55,0,1.0,0.0931,0.2747,0
19.555,1,1.0,1.0783,0.2886,0
19.56,1,1.0,1.1159,0.318,0
19.565,1,1.0,1.0794,0.3463,0
19.57,0,1.0,0.0932,0.3338,0
19.575,0,1.0,0.0755,0.3208,0
19.58,1,1.0,1.072,0.3246,0
19.585,1,1.0,1.1334,0.3526,0
19.59,1,1.0,1.0996,0.3792,0
19.595,0,1.0,0.0809,0.3803,0
19.6,0,1.0,0.0591,0.3657,0
19.605,0,1.0,0.0834,0.3513,0
19.61,1,1.0,1.0754,0.3777,0
19.615,1,1.0,1.0987,0.4027,0
19.62,0,1.0,0.0925,0.411,0
19.625,0,1.0,0.0924,0.3949,0
19.63,0,1.0,0.0834,0.3794,0
19.635,1,1.0,1.0796,0.3962,0
19.64,1,1.0,1.062,0.4208,0
19.645,0,1.0,0.1133,0.4364,0
19.65,0,1.0,0.0283,0.4197,0
19.655,0,1.0,0.0452,0.4033,0
19.66,1,1.0,1.0512,0.411,0
19.665,1,1.0,1.0656,0.4346,0
19.67,1,1.0,1.1222,0.4578,0
19.675,0,1.0,0.109,0.4476,0
19.68,0,1.0,0.0278,0.4302,0
19.685,1,1.0,1.0542,0.4217,0
19.69,1,1.0,1.072,0.4453,0
19.695,1,1.0,1.0873,0.4681,0
19.7,0,1.0,0.0562,0.4666,0
19.705,0,1.0,0.0618,0.4482,0
19.71,0,1.0,0.0605,0.4307,0
19.715,1,1.0,1.1003,0.4544,0
19.72,1,1.0,1.0587,0.4762,0
19.725,0,1.0,0.0793,0.4816,0
19.73,0,1.0,0.1275,0.4629,0
19.735,0,1.0,0.1042,0.4449,0
19.74,1,1.0,1.101,0.4598,0
19.745,1,1.0,1.075,0.482,0
19.75,0,1.0,0.0318,0.495,0
19.755,0,1.0,0.1265,0.4763,0
19.76,0,1.0,0.0893,0.4575,0
19.765,1,1.0,1.057,0.4562,0
19.77,1,1.0,1.0907,0.4788,0
19.775,1,1.0,1.0707,0.5,0
19.78,0,1.0,0.0942,0.4883,0
19.785,0,1.0,0.0691,0.4693,0
19.79,1,1.0,1.1361,0.4595,0
19.795,1,1.0,1.048,0.481,0
19.8,1,1.0,1.0865,0.5018,0
19.805,0,1.0,0.0641,0.4977,0
19.81,0,1.0,0.0517,0.4784,0
19.815,0,1.0,0.0993,0.46,0
19.82,1,1.0,1.0769,0.4824,0
19.825,1,1.0,1.1048,0.5037,0
19.83,0,1.0,0.0731,0.5075,0
19.835,0,1.0,0.0712,0.4877,0
19.84,0,1.0,0.086,0.4685,0
19.845,1,1.0,1.1307,0.4749,0
19.85,1,1.0,1.1087,0.4959,0
19.855,1,1.0,1.0581,0.5157,0
19.86,0,1.0,0.0937,0.496,0
19.865,0,1.0,0.0821,0.4762,0
19.87,1,1.0,1.0987,0.474,0
19.875,1,1.0,1.0746,0.4949,0
19.88,1,1.0,1.0757,0.5157,0
19.885,0,1.0,0.0464,0.5037,0
19.89,0,1.0,0.0676,0.4843,0
19.895,1,1.0,1.086,0.4734,0
19.9,1,1.0,1.0859,0.4952,0
19.905,1,1.0,1.0686,0.5162,0
19.91,0,1.0,0.0698,0.5121,0
19.915,0,1.0,0.0892,0.4921,0
19.92,0,1.0,0.0799,0.4731,0
19.925,1,1.0,1.0789,0.4868,0
19.93,1,1.0,1.1026,0.5077,0
19.935,0,1.0,0.0174,0.5202,0
19.94,0,1.0,0.0829,0.5,0
19.945,0,1.0,0.1057,0.4801,0
19.95,1,1.0,1.0582,0.4849,0
19.955,1,1.0,1.0698,0.5061,0
19.96,1,1.0,1.0968,0.5265,0
19.965,0,1.0,0.0627,0.5061,0
19.97,0,1.0,0.1448,0.487,0
19.975,1,1.0,1.0705,0.4837,0
19.98,1,1.0,1.0494,0.5047,0
19.985,1,1.0,1.1223,0.5254,0
19.99,0,1.0,0.0544,0.5125,0
19.995,0,1.0,0.056,0.4921,0
20.0,0,1.0,0.1013,0.4731,0
20.005,1,1.0,1.0601,0.4942,0
20.01,1,1.0,1.1362,0.5153,0
20.015,0,1.0,0.0681,0.519,0
20.02,0,1.0,0.0568,0.4985,0
20.025,0,1.0,0.0736,0.4786,0
20.03,1,1.0,1.0779,0.4913,0
20.035,1,1.0,1.0856,0.5116,0
20.04,0,1.0,0.0722,0.5232,0
20.045,0,1.0,0.1127,0.5024,0
20.05,0,1.0,0.1192,0.483,0
20.055,1,1.0,1.0776,0.488,0
20.06,1,0.08,0.1837,0.4721,0
20.065,1,0.08,0.1965,0.4572,0
20.07,0,0.08,0.0985,0.4396,0
20.075,0,0.08,0.0686,0.4224,0
20.08,1,0.08,0.1832,0.4076,0
20.085,1,0.08,0.1328,0.3937,0
20.09,1,0.08,0.1381,0.381,0
20.095,0,0.08,0.0781,0.3672,0
20.1,0,0.08,0.1058,0.3532,0
20.105,0,0.08,0.0523,0.3396,0
20.11,1,0.08,0.1628,0.3302,0
20.115,1,0.08,0.1464,0.32,0
20.12,0,0.08,0.1048,0.3099,0
20.125,0,0.08,0.095,0.2979,0
20.13,0,0.08,0.1177,0.2871,0
20.135,1,0.08,0.157,0.278,0
20.14,1,0.08,0.1275,0.2693,0
20.145,0,0.08,0.0594,0.2608,0
20.15,0,0.08,0.0516,0.2508,0
20.155,0,0.08,0.0688,0.241,0
20.16,1,0.08,0.213,0.2342,0
20.165,1,0.08,0.11,0.2279,0
20.17,1,0.08,0.1857,0.222,0
20.175,0,0.08,0.0431,0.2147,0
20.18,0,0.08,0.0597,0.2069,0
20.185,1,0.08,0.2067,0.2,0
20.19,1,0.08,0.1581,0.1952,0
20.195,1,0.08,0.1645,0.1902,0
20.2,0,0.08,0.0677,0.1835,0
20.205,0,0.08,0.0813,0.1764,0
20.21,0,0.08,0.0884,0.1701,0
20.215,1,0.08,0.1647,0.1664,0
20.22,1,0.08,0.1956,0.1631,0
20.225,0,1.0,0.0649,0.159,0
20.23,0,1.0,0.0384,0.1535,0
20.235,0,1.0,0.1152,0.1481,0
20.24,1,1.0,1.0506,0.1742,0
20.245,0,1.0,0.017,0.184,0
20.25,0,1.0,0.0927,0.1779,0
20.255,0,1.0,0.048,0.1716,0
20.26,0,1.0,0.0471,0.1657,0
20.265,0,1.0,0.0638,0.1602,0
20.27,0,1.0,0.0635,0.1547,0
20.275,0,1.0,0.0872,0.1492,0
20.28,0,1.0,0.0938,0.1437,0
20.285,0,1.0,0.0704,0.1382,1
20.29,0,1.0,0.1134,0.1338,1
20.295,0,1.0,0.0593,0.1293,1
20.3,0,1.0,0.061,0.1251,1
20.305,0,1.0,0.088,0.1207,1
20.31,0,1.0,0.1025,0.1165,1
20.315,0,1.0,0.1119,0.1126,1
20.32,0,1.0,0.0494,0.1093,1
20.325,0,1.0,0.1549,0.1069,1
20.33,0,1.0,0.0484,0.1034,1
20.335,0,1.0,0.1059,0.0998,1
20.34,0,1.0,0.1068,0.0966,1
20.345,0,1.0,0.085,0.0932,1
20.35,0,1.0,0.0569,0.0901,1
20.355,0,1.0,0.1053,0.0872,1
20.36,0,1.0,0.1015,0.0844,1
20.365,0,1.0,0.0982,0.0819,1
20.37,0,1.0,0.0787,0.0796,1
20.375,0,1.0,0.0674,0.077,1
20.38,0,1.0,0.0819,0.0746,1
20.385,0,1.0,0.0555,0.0723,1
20.39,0,1.0,0.0626,0.0702,1
20.395,0,1.0,0.0866,0.068,1
20.4,0,1.0,0.1243,0.0659,1
20.405,0,1.0,0.0848,0.0639,1
20.41,0,1.0,0.1,0.0626,1
20.415,0,1.0,0.0558,0.0611,1
20.42,0,1.0,0.0869,0.0594,1
20.425,0,1.0,0.0836,0.0577,1
20.43,0,1.0,0.0797,0.0559,1
20.435,0,1.0,0.0981,0.0541,1
20.44,0,1.0,0.0322,0.0527,1
20.445,0,1.0,0.0874,0.0515,1
20.45,0,1.0,0.0762,0.0497,1
20.455,0,1.0,0.0499,0.0484,1
20.46,0,1.0,0.0635,0.0471,1
20.465,0,1.0,0.0883,0.0459,1
20.47,0,1.0,0.1028,0.0452,1
20.475,0,1.0,0.1157,0.0442,1
20.48,0,1.0,0.0375,0.0434,1
20.485,0,1.0,0.1352,0.0428,1
20.49,0,1.0,0.09,0.0415,1
20.495,0,1.0,0.1102,0.0406,1
20.5,0,1.0,0.0351,0.0401,1
20.505,0,1.0,0.0507,0.0392,1
20.51,0,1.0,0.1292,0.0384,1
20.515,0,1.0,0.07,0.0374,1
20.52,0,1.0,0.1029,0.0373,1
20.525,0,1.0,0.0672,0.0365,1
20.53,0,1.0,0.063,0.0356,1
20.535,0,1.0,0.0754,0.0348,1
20.54,0,1.0,0.1051,0.0344,1
20.545,0,1.0,0.0379,0.0336,1
20.55,0,1.0,0.0506,0.0334,1
20.555,0,1.0,0.0846,0.0331,1
20.56,0,1.0,0.0554,0.0324,1
20.565,0,1.0,0.0594,0.0326,1
20.57,0,1.0,0.092,0.0317,1
20.575,0,1.0,0.0957,0.0311,1
20.58,0,1.0,0.057,0.0306,1
20.585,0,1.0,0.0749,0.0297,1
20.59,0,1.0,0.0575,0.0296,1
20.595,0,1.0,0.1041,0.0289,1
20.6,0,1.0,0.0882,0.0283,1
20.605,0,1.0,0.0957,0.028,1
20.61,0,1.0,0.0845,0.0274,1
20.615,0,1.0,0.0493,0.0278,1
20.62,0,1.0,0.0616,0.0275,1
20.625,0,1.0,0.0608,0.0271,1
20.63,0,1.0,0.123,0.0273,1
20.635,0,1.0,0.0545,0.0268,1
20.64,0,1.0,0.0789,0.0267,1
20.645,0,1.0,0.0521,0.0266,1
20.65,0,1.0,0.0858,0.0264,1
20.655,0,1.0,0.0478,0.0259,1
20.66,0,1.0,0.1074,0.0256,1
20.665,0,1.0,0.1051,0.0251,1
20.67,0,1.0,0.0845,0.0247,1
20.675,0,1.0,0.0705,0.0247,1
20.68,0,1.0,0.1062,0.0244,1
20.685,0,1.0,0.0886,0.0245,1
20.69,0,1.0,0.1053,0.0246,1
20.695,0,1.0,0.0674,0.0245,1
20.7,0,1.0,0.1125,0.0244,1
20.705,0,1.0,0.0743,0.0243,1
20.71,0,1.0,0.0748,0.0241,1
20.715,0,1.0,0.0621,0.0236,1
20.72,0,1.0,0.0768,0.0235,1
20.725,0,1.0,0.0809,0.0237,1
20.73,0,1.0,0.0832,0.0233,1
20.735,0,1.0,0.0641,0.0229,1
20.74,0,1.0,0.1139,0.0228,1
20.745,0,1.0,0.0491,0.0228,1
20.75,0,1.0,0.0983,0.0228,1
20.755,0,1.0,0.0541,0.0226,1
20.76,0,1.0,0.1207,0.0228,1
20.765,0,1.0,0.0104,0.023,1
20.77,0,1.0,0.0841,0.0225,1
20.775,0,1.0,0.0593,0.0227,1
20.78,0,1.0,0.0328,0.0227,1
20.785,0,1.0,0.15,0.0226,1
20.79,0,1.0,0.0929,0.0223,1
20.795,0,1.0,0.0567,0.0227,1
20.8,0,1.0,0.0934,0.0223,1
20.805,0,1.0,0.0757,0.0217,1
20.81,0,1.0,0.0815,0.0213,1
20.815,0,1.0,0.0936,0.0214,1
20.82,0,1.0,0.1076,0.0211,1
20.825,0,1.0,0.0519,0.0207,1
20.83,0,1.0,0.0895,0.0203,1
20.835,0,1.0,0.1049,0.0202,1
20.84,0,1.0,0.0644,0.02,1
20.845,1,1.0,1.0973,0.0444,1
20.85,1,1.0,1.0729,0.0832,1
20.855,1,1.0,1.073,0.1201,1
20.86,0,1.0,0.0966,0.116,1
20.865,0,1.0,0.0364,0.1122,1
20.87,1,1.0,1.04,0.1245,1
20.875,1,1.0,1.072,0.1603,1
20.88,1,1.0,1.0846,0.1945,1
20.885,0,1.0,0.1483,0.1959,1
20.89,0,1.0,0.1112,0.1889,1
20.895,1,1.0,1.0898,0.19,1
20.9,1,1.0,1.1016,0.2232,0
20.905,1,1.0,1.07,0.2539,0
20.91,0,1.0,0.0819,0.2603,0
20.915,0,1.0,0.0899,0.2504,0
20.92,0,1.0,0.102,0.241,0
20.925,1,1.0,1.0779,0.2645,0
20.93,1,1.0,1.0851,0.2951,0
20.935,0,1.0,0.1011,0.3161,0
20.94,0,1.0,0.0795,0.3041,0
20.945,0,1.0,0.1281,0.2931,0
20.95,1,1.0,1.09,0.3063,0
20.955,1,1.0,1.0805,0.3341,0
20.96,1,1.0,1.0607,0.361,0
20.965,0,1.0,0.0752,0.3469,0
20.97,0,1.0,0.0564,0.334,0
20.975,1,1.0,1.0744,0.3373,0
20.98,1,1.0,1.0996,0.3648,0
20.985,1,1.0,1.0929,0.3915,0
20.99,0,1.0,0.0753,0.3842,0
20.995,0,1.0,0.0865,0.3693,0
21.0,0,1.0,0.0815,0.3547,0
21.005,1,1.0,1.0398,0.3812,0
21.01,1,1.0,1.0404,0.4065,0
21.015,0,1.0,0.105,0.4138,0
21.02,0,1.0,0.0541,0.3983,0
21.025,0,1.0,0.0735,0.3825,0
21.03,1,1.0,1.0372,0.3989,0
21.035,1,1.0,1.0595,0.4233,0
21.04,0,1.0,0.0816,0.4378,0
21.045,0,1.0,0.0744,0.4206,0
21.05,0,1.0,0.0756,0.4039,0
21.055,1,1.0,1.0844,0.4127,0
21.06,1,1.0,1.0727,0.4363,0
21.065,1,1.0,1.0739,0.4598,0
21.07,0,1.0,0.0435,0.4426,0
21.075,0,1.0,0.0913,0.4253,0
21.08,1,1.0,1.095,0.4248,0
21.085,1,1.0,1.1036,0.4481,0
21.09,1,1.0,1.0448,0.4697,0
21.095,0,1.0,0.1244,0.4677,0
21.1,0,1.0,0.0632,0.4496,0
21.105,0,1.0,0.1384,0.4326,0
21.11,1,1.0,1.1077,0.456,0
21.115,1,1.0,1.0957,0.4786,0
21.12,0,1.0,0.052,0.4835,0
21.125,0,1.0,0.0933,0.465,0
21.13,0,1.0,0.0794,0.4469,0
21.135,1,1.0,1.1096,0.4617,0
21.14,1,1.0,1.1024,0.483,0
21.145,0,1.0,0.0531,0.4958,0
21.15,0,1.0,0.0713,0.4764,0
21.155,0,1.0,0.0954,0.458,0
21.16,1,1.0,1.0652,0.4638,0
21.165,1,1.0,1.0645,0.4858,0
21.17,1,1.0,1.1223,0.5071,0
21.175,0,1.0,0.0811,0.495,0
21.18,0,1.0,0.074,0.476,0
21.185,1,1.0,1.1172,0.4658,0
21.19,1,1.0,1.0786,0.4878,0
21.195,1,1.0,1.0717,0.5089,0
21.2,0,1.0,0.064,0.5044,0
21.205,0,1.0,0.0981,0.4849,0
21.21,0,1.0,0.0913,0.4657,0
21.215,1,1.0,1.0969,0.4875,0
21.22,1,1.0,1.075,0.5083,0
21.225,0,1.0,0.0771,0.5117,0
21.23,0,1.0,0.0563,0.4917,0
21.235,0,1.0,0.0911,0.4724,0
21.24,1,1.0,1.133,0.4861,0
21.245,1,1.0,1.0349,0.5061,0
21.25,1,1.0,1.0518,0.5256,0
21.255,0,1.0,0.0479,0.5052,0
21.26,0,1.0,0.0784,0.4851,0
21.265,1,1.0,1.1065,0.4826,0
21.27,1,1.0,1.0718,0.504,0
21.275,1,1.0,1.0511,0.524,0
21.28,0,1.0,0.0668,0.5118,0
21.285,0,1.0,0.0769,0.4916,0
21.29,1,1.0,1.0598,0.4802,0
21.295,1,1.0,1.0724,0.5014,0
21.3,1,1.0,1.0521,0.5216,0
21.305,0,1.0,0.0721,0.5169,0
21.31,0,1.0,0.0849,0.4965,0
21.315,0,1.0,0.0549,0.4773,0
21.32,1,1.0,1.0823,0.4987,0
21.325,1,1.0,1.1142,0.5198,0
21.33,0,1.0,0.0846,0.5229,0
21.335,0,1.0,0.1158,0.5027,0
21.34,0,1.0,0.0321,0.4831,0
21.345,1,1.0,1.0792,0.4884,0
21.35,1,1.0,1.0403,0.5094,0
21.355,1,1.0,1.0651,0.5294,0
21.36,0,1.0,0.0632,0.5087,0
21.365,0,1.0,0.0735,0.4887,0
21.37,1,1.0,1.09,0.4856,0
21.375,1,1.0,1.0232,0.5061,0
21.38,1,1.0,1.0808,0.5262,0
21.385,0,1.0,0.0762,0.5133,0
21.39,0,1.0,0.0901,0.4928,0
21.395,1,1.0,1.0903,0.4816,0
21.4,1,1.0,1.0855,0.5036,0
21.405,1,1.0,1.0513,0.5236,0
21.41,0,1.0,0.1096,0.5183,0
21.415,0,1.0,0.1218,0.4982,0
21.42,0,1.0,0.0669,0.4784,0
21.425,1,1.0,1.0685,0.4918,0
21.43,1,1.0,1.0727,0.5118,0
21.435,0,1.0,0.1097,0.5233,0
21.44,0,1.0,0.1251,0.5027,0
21.445,0,1.0,0.1021,0.483,0
21.45,1,1.0,1.0761,0.4878,0
21.455,1,1.0,1.091,0.509,0
21.46,1,1.0,1.1017,0.5293,0
21.465,0,1.0,0.0751,0.5093,0
21.47,0,1.0,0.0857,0.4893,0
21.475,1,1.0,1.0531,0.4863,0
21.48,1,1.0,1.0948,0.5072,0
21.485,1,1.0,1.0881,0.5274,0
21.49,0,1.0,0.0725,0.5144,0
21.495,0,1.0,0.0652,0.4944,0
21.5,0,1.0,0.0894,0.475,0
21.505,1,1.0,1.0951,0.4975,0
21.51,1,1.0,1.0775,0.5175,0
21.515,0,1.0,0.0954,0.5209,0
21.52,0,1.0,0.0536,0.5002,0
21.525,0,1.0,0.092,0.4805,0
21.53,1,1.0,1.0763,0.4936,0
21.535,1,1.0,1.0972,0.5144,0
21.54,0,1.0,0.1146,0.5266,0
21.545,0,1.0,0.1192,0.5063,0
21.55,0,1.0,0.0918,0.4863,0
21.555,1,1.0,1.0898,0.4916,0
21.56,1,1.0,1.0772,0.5123,0
21.565,1,1.0,1.0928,0.5334,0
21.57,0,1.0,0.0636,0.5126,0
21.575,0,1.0,0.1019,0.4923,0
21.58,1,1.0,1.0961,0.4899,0
21.585,1,1.0,1.088,0.5106,0
21.59,1,1.0,1.0599,0.5308,0
21.595,0,1.0,0.0954,0.5256,0
21.6,0,1.0,0.1107,0.5051,0
21.605,0,1.0,0.0994,0.4851,0
21.61,1,1.0,1.0735,0.5061,0
21.615,1,1.0,1.0825,0.5259,0
21.62,0,1.0,0.0947,0.5286,0
21.625,0,1.0,0.0969,0.5079,0
21.63,0,1.0,0.0843,0.4874,0
21.635,0,1.0,0.0983,0.4684,0
21.64,0,1.0,0.1184,0.4503,0
21.645,0,1.0,0.0688,0.4326,0
21.65,0,1.0,0.0686,0.4154,0
21.655,0,1.0,0.08,0.399,0
21.66,0,1.0,0.0894,0.3842,0
21.665,0,1.0,0.0675,0.3693,0
21.67,0,1.0,0.1025,0.3547,0
21.675,0,1.0,0.1229,0.3411,0
21.68,0,1.0,0.0895,0.3278,0
21.685,0,1.0,0.1134,0.3152,0
21.69,0,1.0,0.0893,0.3033,0
21.695,0,1.0,0.0511,0.2916,0
21.7,0,1.0,0.0722,0.2803,0
21.705,0,1.0,0.1221,0.2701,0
21.71,0,1.0,0.0626,0.2599,0
21.715,0,1.0,0.0756,0.2502,0
21.72,0,1.0,0.0935,0.2406,0
21.725,0,1.0,0.0907,0.232,0
21.73,0,1.0,0.1232,0.2242,0
21.735,0,1.0,0.1159,0.2159,0
21.74,0,1.0,0.0615,0.2077,0
21.745,0,1.0,0.071,0.1998,0
21.75,0,1.0,0.0636,0.1921,0
21.755,0,1.0,0.0937,0.185,0
21.76,0,1.0,0.072,0.1789,0
21.765,0,1.0,0.086,0.172,0
21.77,0,1.0,0.0763,0.1661,0
21.775,0,1.0,0.0834,0.1599,0
21.78,0,1.0,0.0603,0.1542,0
21.785,0,1.0,0.0795,0.1485,0
21.79,0,1.0,0.0553,0.1435,0
21.795,0,1.0,0.0625,0.1386,1
21.8,0,1.0,0.0825,0.1335,1
21.805,0,1.0,0.0806,0.1285,1
21.81,0,1.0,0.0649,0.1239,1
21.815,0,1.0,0.0576,0.1195,1
21.82,0,1.0,0.0971,0.1151,1
21.825,0,1.0,0.1424,0.1112,1
21.83,0,1.0,0.0862,0.1076,1
21.835,0,1.0,0.0829,0.1039,1
21.84,0,1.0,0.1061,0.1005,1
21.845,0,1.0,0.0864,0.0979,1
21.85,0,1.0,0.0706,0.0947,1
21.855,0,1.0,0.0609,0.092,1
21.86,0,1.0,0.088,0.0892,1
21.865,0,1.0,0.1055,0.0865,1
21.87,0,1.0,0.0879,0.0838,1
21.875,0,1.0,0.07,0.0809,1
21.88,0,1.0,0.0313,0.0787,1
21.885,0,1.0,0.0871,0.0763,1
21.89,0,1.0,0.1033,0.0738,1
21.895,0,1.0,0.0449,0.0717,1
21.9,0,1.0,0.1171,0.0696,1
21.905,0,1.0,0.086,0.0676,1
21.91,0,1.0,0.0612,0.0661,1
21.915,0,1.0,0.1078,0.0641,1
21.92,0,1.0,0.0502,0.0624,1
21.925,0,1.0,0.0883,0.0604,1
21.93,0,1.0,0.0569,0.0586,1
21.935,0,1.0,0.1101,0.0575,1
21.94,0,1.0,0.0574,0.0558,1
21.945,0,1.0,0.0422,0.0545,1
21.95,0,1.0,0.0461,0.0534,1
21.955,0,1.0,0.0819,0.0517,1
21.96,0,1.0,0.082,0.0503,1
21.965,0,1.0,0.076,0.0491,1
21.97,0,1.0,0.1149,0.0482,1
21.975,0,1.0,0.0741,0.0471,1
21.98,0,1.0,0.0925,0.0461,1
21.985,0,1.0,0.0529,0.0448,1
21.99,0,1.0,0.0773,0.0433,1
21.995,0,1.0,0.0877,0.0423,1
22.0,0,1.0,0.0636,0.0417,1
22.005,0,1.0,0.106,0.041,1
22.01,0,1.0,0.0102,0.0405,1
22.015,0,1.0,0.1094,0.0397,1
22.02,0,1.0,0.066,0.0386,1
22.025,0,1.0,0.0517,0.0382,1
22.03,0,1.0,0.1222,0.0382,1
22.035,0,1.0,0.0694,0.0373,1
22.04,0,1.0,0.0541,0.0368,1
22.045,0,1.0,0.1213,0.0361,1
22.05,0,1.0,0.0725,0.0356,1
22.055,0,1.0,0.1226,0.0356,1
22.06,0,1.0,0.0777,0.0345,1
22.065,0,1.0,0.1081,0.034,1
22.07,0,1.0,0.1102,0.0332,1
22.075,0,1.0,0.0233,0.0327,1
22.08,0,1.0,0.0884,0.0321,1
22.085,0,1.0,0.0691,0.0314,1
22.09,0,1.0,0.0827,0.031,1
22.095,0,1.0,0.0539,0.0304,1
22.1,0,1.0,0.1014,0.0299,1
22.105,0,1.0,0.0673,0.0293,1
22.11,0,1.0,0.1041,0.029,1
22.115,0,1.0,0.0592,0.0288,1
22.12,0,1.0,0.1038,0.0285,1
22.125,0,1.0,0.0867,0.0282,1
22.13,0,1.0,0.1121,0.0279,1
22.135,0,1.0,0.068,0.028,1
22.14,0,1.0,0.0857,0.0276,1
22.145,0,1.0,0.1154,0.0274,1
22.15,0,1.0,0.081,0.0269,1
22.155,0,1.0,0.0925,0.027,1
22.16,0,1.0,0.0387,0.0269,1
22.165,0,1.0,0.0771,0.0264,1
22.17,0,1.0,0.1008,0.0263,1
22.175,0,1.0,0.1266,0.026,1
22.18,0,1.0,0.074,0.0259,1
22.185,0,1.0,0.097,0.0258,1
22.19,0,1.0,0.0522,0.0255,1
22.195,0,1.0,0.0402,0.0255,1
22.2,0,1.0,0.0207,0.0255,1
22.205,0,1.0,0.0889,0.0254,1
22.21,0,1.0,0.1187,0.025,1
22.215,0,1.0,0.0889,0.0243,1
22.22,0,1.0,0.1202,0.0245,1
22.225,0,1.0,0.1165,0.0244,1
22.23,0,1.0,0.1064,0.0241,1
22.235,0,1.0,0.0767,0.0237,1
22.24,1,1.0,1.1009,0.0555,1
22.245,1,1.0,1.065,0.0938,1
22.25,1,1.0,1.0811,0.1308,1
22.255,0,1.0,0.0531,0.1262,1
22.26,0,1.0,0.1299,0.1218,1
22.265,1,1.0,1.0805,0.1339,1
22.27,1,1.0,1.0914,0.1688,1
22.275,1,1.0,1.07,0.2022,1
22.28,0,1.0,0.0573,0.2025,1
22.285,0,1.0,0.0545,0.1948,1
22.29,1,1.0,1.1027,0.196,1
22.295,1,1.0,1.091,0.2282,0
22.3,1,1.0,1.1356,0.2606,0
22.305,0,1.0,0.0865,0.266,0
22.31,0,1.0,0.0732,0.2557,0
22.315,0,1.0,0.0552,0.2461,0
22.32,1,1.0,1.0977,0.2769,0
22.325,1,1.0,1.0647,0.3054,0
22.33,0,1.0,0.1023,0.3173,0
22.335,0,1.0,0.0835,0.3052,0
22.34,0,1.0,0.0776,0.2933,0
22.345,1,1.0,1.1162,0.3069,0
22.35,1,1.0,1.0998,0.3357,0
22.355,1,1.0,1.1265,0.3636,0
22.36,0,1.0,0.0784,0.3496,0
22.365,0,1.0,0.0674,0.3367,0
22.37,1,1.0,1.087,0.3402,0
22.375,1,1.0,1.0828,0.3665,0
22.38,1,1.0,1.07,0.3922,0
22.385,0,1.0,0.0621,0.3849,0
22.39,0,1.0,0.0047,0.3705,0
22.395,1,1.0,1.0244,0.3639,0
22.4,1,1.0,1.1067,0.3899,0
22.405,1,1.0,1.0679,0.4144,0
22.41,0,1.0,0.0992,0.4138,0
22.415,0,1.0,0.0714,0.3976,0
22.42,0,1.0,0.1066,0.3821,0
22.425,1,1.0,1.1321,0.3997,0
22.43,1,1.0,1.0693,0.4236,0
22.435,0,1.0,0.1078,0.4395,0
22.44,0,1.0,0.0711,0.4221,0
22.445,0,1.0,0.0753,0.4056,0
22.45,1,1.0,1.0885,0.414,0
22.455,1,1.0,1.0718,0.4378,0
22.46,1,1.0,1.13,0.4615,0
22.465,0,1.0,0.0797,0.443,0
22.47,0,1.0,0.0728,0.4259,0
22.475,1,1.0,1.1057,0.4259,0
22.48,1,1.0,1.0874,0.4489,0
22.485,1,1.0,1.0932,0.4712,0
22.49,0,1.0,0.0552,0.4609,0
22.495,0,1.0,0.0967,0.4427,0
22.5,0,1.0,0.0995,0.4253,0
22.505,1,1.0,1.0757,0.4483,0
22.51,1,1.0,1.0706,0.4707,0
22.515,0,1.0,0.0655,0.4757,0
22.52,0,1.0,0.1057,0.4573,0
22.525,0,1.0,0.0689,0.4391,0
22.53,1,1.0,1.0865,0.454,0
22.535,1,1.0,1.0659,0.476,0
22.54,0,1.0,0.0872,0.4889,0
22.545,0,1.0,0.0627,0.4697,0
22.55,0,1.0,0.0929,0.4519,0
22.555,1,1.0,1.0783,0.458,0
22.56,1,1.0,1.0912,0.4802,0
22.565,1,1.0,1.0707,0.501,0
22.57,0,1.0,0.0852,0.4816,0
22.575,0,1.0,0.0313,0.4629,0
22.58,1,1.0,1.0972,0.4612,0
22.585,1,1.0,1.1115,0.483,0
22.59,1,1.0,1.0633,0.5038,0
22.595,0,1.0,0.1144,0.5,0
22.6,0,1.0,0.0802,0.4801,0
22.605,0,1.0,0.0984,0.4613,0
22.61,1,1.0,1.1204,0.4833,0
22.615,1,1.0,1.102,0.5044,0
22.62,0,1.0,0.0108,0.5087,0
22.625,0,1.0,0.1107,0.4893,0
22.63,0,1.0,0.0385,0.4705,0
22.635,1,1.0,1.0746,0.4849,0
22.64,1,1.0,1.082,0.5061,0
22.645,0,1.0,0.0665,0.5179,0
22.65,0,1.0,0.0803,0.4975,0
22.655,0,1.0,0.094,0.4776,0
22.66,1,1.0,1.1348,0.4835,0
22.665,1,1.0,1.08,0.5049,0
22.67,1,1.0,1.0748,0.5254,0
22.675,0,1.0,0.0587,0.5127,0
22.68,0,1.0,0.1124,0.4926,0
22.685,1,1.0,1.0692,0.4816,0
22.69,1,1.0,1.0891,0.5026,0
22.695,1,1.0,1.1079,0.5226,0
22.7,0,1.0,0.0593,0.5182,0
22.705,0,1.0,0.133,0.4982,0
22.71,0,1.0,0.0879,0.4787,0
22.715,1,1.0,1.0977,0.5002,0
22.72,1,1.0,1.1015,0.5205,0
22.725,0,1.0,0.0708,0.5233,0
22.73,0,1.0,0.0837,0.5027,0
22.735,0,1.0,0.0462,0.4829,0
22.74,1,1.0,1.0854,0.4962,0
22.745,1,1.0,1.0515,0.5168,0
22.75,1,1.0,1.077,0.5372,0
22.755,0,1.0,0.0975,0.5162,0
22.76,0,1.0,0.0951,0.4962,0
22.765,1,1.0,1.1311,0.4933,0
22.77,1,1.0,1.091,0.5139,0
22.775,1,1.0,1.0934,0.5337,0
22.78,0,1.0,0.097,0.5205,0
22.785,0,1.0,0.0479,0.5007,0
22.79,1,1.0,1.1014,0.4897,0
22.795,1,1.0,1.1116,0.5101,0
22.8,1,1.0,1.0955,0.531,0
22.805,0,1.0,0.1129,0.5263,0
22.81,0,1.0,0.0093,0.5062,0
22.815,0,1.0,0.0948,0.4864,0
22.82,1,1.0,1.0694,0.5067,0
22.825,1,1.0,1.0716,0.5264,0
22.83,0,1.0,0.0862,0.5294,0
22.835,0,1.0,0.0621,0.5092,0
22.84,0,1.0,0.0798,0.4888,0
22.845,1,1.0,1.077,0.4929,0
22.85,1,1.0,1.1066,0.5129,0
22.855,1,1.0,1.0446,0.5325,0
22.86,0,1.0,0.1115,0.5112,0
22.865,0,1.0,0.1011,0.4912,0
22.87,1,1.0,1.0544,0.4878,0
22.875,1,1.0,1.1156,0.5085,0
22.88,1,1.0,1.1138,0.529,0
22.885,0,1.0,0.0868,0.5163,0
22.89,0,1.0,0.1077,0.4964,0
22.895,1,1.0,1.1068,0.4854,0
22.9,1,1.0,1.0919,0.5061,0
22.905,1,1.0,1.0688,0.526,0
22.91,0,1.0,0.0481,0.5207,0
22.915,0,1.0,0.1533,0.5006,0
22.92,0,1.0,0.0776,0.4808,0
22.925,1,1.0,1.0649,0.4944,0
22.93,1,1.0,1.0513,0.515,0
22.935,0,1.0,0.0143,0.5268,0
22.94,0,1.0,0.0525,0.5066,0
22.945,0,1.0,0.0724,0.4867,0
22.95,1,1.0,1.0891,0.4915,0
22.955,1,1.0,1.085,0.5122,0
22.96,1,1.0,1.1212,0.5321,0
22.965,0,1.0,0.0728,0.511,0
22.97,0,1.0,0.0753,0.4908,0
22.975,1,1.0,1.0342,0.4877,0
22.98,1,1.0,1.0421,0.5089,0
22.985,1,1.0,1.0902,0.5289,0
22.99,0,1.0,0.0786,0.5158,0
22.995,0,1.0,0.0627,0.4958,0
23.0,0,1.0,0.0422,0.4768,0
23.005,1,1.0,1.1005,0.4978,0
23.01,1,1.0,1.0536,0.5171,0
23.015,0,1.0,0.0842,0.5204,0
23.02,0,1.0,0.1613,0.5006,0
23.025,0,1.0,0.116,0.4812,0
23.03,0,1.0,0.0654,0.4624,0
23.035,0,1.0,0.0835,0.4443,0
23.04,0,1.0,0.1017,0.4266,0
23.045,0,1.0,0.0865,0.4103,0
23.05,0,1.0,0.0589,0.3945,0
23.055,0,1.0,0.0839,0.3791,0
23.06,0,1.0,0.14,0.3646,0
23.065,0,1.0,0.0974,0.3503,0
23.07,0,1.0,0.067,0.3369,0
23.075,0,1.0,0.0882,0.3241,0
23.08,0,1.0,0.102,0.3114,0
23.085,0,1.0,0.1096,0.2995,0
23.09,0,1.0,0.0753,0.2876,0
23.095,0,1.0,0.0988,0.2764,0
23.1,0,1.0,0.1393,0.2661,0
23.105,0,1.0,0.0504,0.256,0
23.11,0,1.0,0.0986,0.246,0
23.115,0,1.0,0.1173,0.2375,0
23.12,0,1.0,0.066,0.2289,0
23.125,0,1.0,0.1063,0.2202,0
23.13,0,1.0,0.0102,0.2123,0
23.135,0,1.0,0.0819,0.2038,0
23.14,0,1.0,0.0941,0.1968,0
23.145,0,1.0,0.0919,0.1896,0
23.15,0,1.0,0.1002,0.1828,0
23.155,0,1.0,0.0627,0.1761,0
23.16,0,1.0,0.0503,0.1701,0
23.165,0,1.0,0.0659,0.1639,0
23.17,0,1.0,0.0736,0.1583,0
23.175,0,1.0,0.063,0.153,0
23.18,0,1.0,0.1154,0.1478,0
23.185,0,1.0,0.1227,0.1425,0
23.19,0,1.0,0.0574,0.1372,1
23.195,0,1.0,0.1004,0.1325,1
23.2,0,1.0,0.0977,0.1279,1
23.205,0,1.0,0.1139,0.1234,1
23.21,0,1.0,0.0901,0.1193,1
23.215,0,1.0,0.0608,0.1155,1
23.22,0,1.0,0.0505,0.1115,1
23.225,0,1.0,0.0685,0.1079,1
23.23,0,1.0,0.0963,0.1046,1
23.235,0,1.0,0.0856,0.1011,1
23.24,0,1.0,0.0906,0.0983,1
23.245,0,1.0,0.0346,0.0953,1
23.25,0,1.0,0.1332,0.0928,1
23.255,0,1.0,0.0874,0.0901,1
23.26,0,1.0,0.1027,0.0872,1
23.265,0,1.0,0.0635,0.0843,1
23.27,0,1.0,0.1033,0.0815,1
23.275,0,1.0,0.1041,0.0791,1
23.28,0,1.0,0.0823,0.0771,1
23.285,0,1.0,0.065,0.0748,1
23.29,0,1.0,0.1224,0.0724,1
23.295,0,1.0,0.0491,0.0705,1
23.3,0,1.0,0.0666,0.0684,1
23.305,0,1.0,-0.0058,0.0669,1
23.31,0,1.0,0.0426,0.0653,1
23.315,0,1.0,0.0828,0.0634,1
23.32,0,1.0,0.0716,0.0615,1
23.325,0,1.0,0.108,0.0601,1
23.33,0,1.0,0.103,0.0587,1
23.335,0,1.0,0.0479,0.0572,1
23.34,0,1.0,0.0754,0.0557,1
23.345,0,1.0,0.0901,0.0544,1
23.35,0,1.0,0.0587,0.0529,1
23.355,0,1.0,0.0553,0.0516,1
23.36,0,1.0,0.0848,0.0503,1
23.365,0,1.0,0.109,0.049,1
23.37,0,1.0,0.0824,0.0474,1
23.375,0,1.0,0.1032,0.0464,1
23.38,0,1.0,0.0801,0.0455,1
23.385,0,1.0,0.1164,0.0444,1
23.39,0,1.0,0.0773,0.0433,1
23.395,0,1.0,0.0399,0.0424,1
23.4,0,1.0,0.0657,0.0416,1
23.405,0,1.0,0.0687,0.0405,1
23.41,0,1.0,0.0849,0.0396,1
23.415,0,1.0,0.1001,0.0387,1
23.42,0,1.0,0.0527,0.0382,1
23.425,0,1.0,0.101,0.0374,1
23.43,0,1.0,0.0932,0.0368,1
23.435,0,1.0,0.0733,0.0358,1
23.44,0,1.0,0.1227,0.0353,1
23.445,0,1.0,0.1143,0.035,1
23.45,0,1.0,0.0913,0.0346,1
23.455,0,1.0,0.104,0.034,1
23.46,0,1.0,0.0945,0.0336,1
23.465,0,1.0,0.0998,0.033,1
23.47,0,1.0,0.0906,0.0322,1
23.475,0,1.0,0.0762,0.0319,1
23.48,0,1.0,0.1,0.0314,1
23.485,0,1.0,0.0921,0.0309,1
23.49,0,1.0,0.0946,0.0302,1
23.495,0,1.0,0.1096,0.0299,1
23.5,0,1.0,0.1278,0.0293,1
23.505,0,1.0,0.0766,0.0286,1
23.51,0,1.0,0.0988,0.0279,1
23.515,0,1.0,0.0804,0.0274,1
23.52,0,1.0,0.0696,0.0272,1
23.525,0,1.0,0.0824,0.0265,1
23.53,0,1.0,0.1264,0.0269,1
23.535,0,1.0,0.1138,0.0267,1
23.54,0,1.0,0.0898,0.0266,1
23.545,0,1.0,0.1212,0.0264,1
23.55,0,1.0,0.0876,0.0258,1
23.555,0,1.0,0.0847,0.0252,1
23.56,0,1.0,0.0885,0.025,1
23.565,0,1.0,0.0586,0.0245,1
23.57,0,1.0,0.0541,0.0243,1
23.575,0,1.0,0.0882,0.0238,1
23.58,0,1.0,0.0903,0.0235,1
23.585,0,1.0,0.0287,0.0236,1
23.59,0,1.0,0.0649,0.0234,1
23.595,0,1.0,0.0826,0.0229,1
23.6,0,1.0,0.0914,0.0228,1
23.605,0,1.0,0.1036,0.0224,1
23.61,0,1.0,0.1013,0.0223,1
23.615,0,1.0,0.0597,0.0221,1
23.62,0,1.0,0.0959,0.0222,1
23.625,0,1.0,0.0644,0.0224,1
23.63,0,1.0,0.1097,0.0224,1
23.635,1,1.0,1.0848,0.054,1
23.64,1,1.0,1.0798,0.0921,1
23.645,0,1.0,0.0532,0.1202,1
23.65,0,1.0,0.072,0.1162,1
23.655,0,1.0,0.0586,0.112,1
23.66,1,1.0,1.0585,0.1319,1
23.665,1,1.0,1.0766,0.1671,1
23.67,1,1.0,1.0389,0.2004,1
23.675,0,1.0,0.1091,0.2007,1
23.68,0,1.0,0.0686,0.1928,1
23.685,1,1.0,1.1225,0.1941,1
23.69,1,1.0,1.0703,0.2265,0
23.695,1,1.0,1.0887,0.258,0
23.7,0,1.0,0.092,0.2635,0
23.705,0,1.0,0.1247,0.2536,0
23.71,0,1.0,0.0711,0.2446,0
23.715,1,1.0,1.0911,0.2754,0
23.72,1,1.0,1.1154,0.3066,0
23.725,0,1.0,0.0896,0.3184,0
23.73,0,1.0,0.0824,0.3062,0
23.735,0,1.0,0.0678,0.2945,0
23.74,1,1.0,1.1064,0.3153,0
23.745,1,1.0,1.0949,0.3433,0
23.75,1,1.0,1.0796,0.3702,0
23.755,0,1.0,0.1184,0.3564,0
23.76,0,1.0,0.0669,0.3433,0
23.765,1,1.0,1.0716,0.3457,0
23.77,1,1.0,1.0902,0.373,0
23.775,1,1.0,1.0374,0.3981,0
23.78,0,1.0,0.0872,0.3903,0
23.785,0,1.0,0.072,0.3751,0
23.79,1,1.0,1.0456,0.3685,0
23.795,1,1.0,1.1064,0.394,0
23.8,1,1.0,1.0834,0.4185,0
23.805,0,1.0,0.0569,0.4182,0
23.81,0,1.0,0.0964,0.4017,0
23.815,0,1.0,0.0351,0.3866,0
23.82,1,1.0,1.0286,0.4115,0
23.825,1,1.0,1.1114,0.4353,0
23.83,0,1.0,0.0879,0.442,0
23.835,0,1.0,0.1055,0.425,0
23.84,0,1.0,0.0845,0.4084,0
23.845,1,1.0,1.0635,0.4161,0
23.85,1,1.0,1.0642,0.4394,0
23.855,1,1.0,1.1001,0.4625,0
23.86,0,1.0,0.0759,0.4444,0
23.865,0,1.0,0.1015,0.4274,0
23.87,1,1.0,1.0485,0.4264,0
23.875,1,1.0,1.0705,0.4498,0
23.88,1,1.0,1.1033,0.4729,0
23.885,0,1.0,0.1053,0.4621,0
23.89,0,1.0,0.0858,0.4438,0
23.895,1,1.0,1.0806,0.4348,0
23.9,1,1.0,1.109,0.4584,0
23.905,1,1.0,1.1056,0.4806,0
23.91,0,1.0,0.0764,0.4769,0
23.915,0,1.0,0.0909,0.4584,0
23.92,0,1.0,0.0524,0.4409,0
23.925,1,1.0,1.1333,0.4558,0
23.93,1,1.0,1.0929,0.478,0
23.935,0,1.0,0.1078,0.4908,0
23.94,0,1.0,0.087,0.4712,0
23.945,0,1.0,0.1098,0.4527,0
23.95,1,1.0,1.0852,0.459,0
23.955,1,1.0,1.0486,0.4803,0
23.96,1,1.0,1.1341,0.5018,0
23.965,0,1.0,0.0937,0.4818,0
23.97,0,1.0,0.0781,0.4633,0
23.975,1,1.0,1.1,0.4614,0
23.98,1,1.0,1.1183,0.4833,0
23.985,1,1.0,1.065,0.5046,0
23.99,0,1.0,0.071,0.4929,0
23.995,0,1.0,0.0737,0.4735,0
